post_id	preds
16	['atji1xge', 'mb18fj8a', 'gatxuwz7', '66g5lpm6', '59up4v56']
69	['r58aohnu', 'p0kg6dyz', 'yrowv62k', 'j1ucrhd7', 'f0kcf2y0']
73	['gruir7aw', 'yi2m5ukw', 'cgc0v1dg', '9kfs73sr', 'sgo76prc']
93	['3sr2exq9', 'sv48gjkk', 'k0f4cwig', 'z795y51f', '0jwed8p9']
96	['vabb2f26', 'ouvq2wpq', '3l6ipiwk', 'ybwwmyqy', 'lzddnb8j']
116	['vx9vqr1k', 'pxhetma5', 't019zx7q', 'xh723tgl', '3ubithu4']
132	['uyb0of5p', '2tre0wat', '1s8jzzwg', '763v4duh', 'jjh1z5c6']
145	['yoiq6cgt', 'vmmztj0a', 'z807g8i5', 'z7o5vt6p', 'df5n5v09']
150	['be8eu3qi', 'vzloj6b3', 'ipsjsf0y', 'qmo1zzkg', '0a1m1niu']
152	['c0ipfbeg', 'wgbyqfrx', 'hhuu7ol8', '4cnk76lb', 'yiamrsba']
158	['iu1d9i57', 'z479u0e3', 'umvrwgaw', 'wn98fql3', 'i1yf8fgk']
159	['9nostuqg', '8f9auteb', '7cakttlp', '6bwd99d9', 'dvi7pd4a']
169	['ybxuykpz', 'uarsobci', '8glhd9xe', 'aqcllik0', '9qbq7hwy']
173	['o78vcy90', 'sfm82h0g', 'li5cw8xx', 'z6sjfdb9', '6r4jyop7']
177	['m69ceq2t', 'oud5ioks', '675v58x8', 'u0jddsup', 'pa000mr8']
178	['xli7wyg4', '21qgukm1', '4fhegc0z', 'zsygn29p', '1r2uvoqf']
192	['s3o9v1fl', 'i57f9ayv', 'wvfw94n1', 'whkfvd7l', 'p3clfah1']
193	['yi1s6xap', 'yfbg2n2u', '6yinwbfh', 'yeowvvqi', 'yrxgaiy7']
201	['1jtln8wc', 't6rxsiat', 'e9j4b00a', 'tiqksd69', '7klqhnr2']
209	['5wg2clq7', 'asrkuts7', 'yjibz8ie', 'zqqp22y7', 'yi1s6xap']
231	['7xt894vr', 'y047cuxp', '3nxmw97e', 'zd2mb7wy', 'qeqd4soe']
243	['gtp01rna', '6a728le9', 'xvphsdg7', 'xq525smx', 'bfm45zas']
244	['bc8xa92n', 'y74qhqw7', 'npbzxwgu', 'w9qei8zj', '9xlp5uuc']
247	['41yfx1ev', 'ixnko86u', 'xochpgld', 'x9lxyrgw', 's7z1l3a9']
260	['d6a6nagk', 'cq5z8lqu', 'hn6clwoj', 'mjb3ip7a', 'uohbxoeb']
270	['hert77y1', 'ivy95jpw', 'jz6o9gnb', 'roe6g61u', 's0ca1r5s']
272	['3u3i5myh', 'ypqusgs3', '8lnjbxe5', '6zjzy0ft', 'u7ligk1k']
276	['pspko62f', 'fyyibj9j', '6g4oclln', 'xziy99uo', 'ea8yn819']
291	['utxzc0x5', 'uhtwkkk3', 'kzl1dx8i', '35fnrje0', 'il4wa97x']
292	['wr4r7jd8', 'asdcpvhx', 'xd5uhah4', '4p6fcy8f', 'i57f9ayv']
300	['9e3mxt1a', '52lcpf0x', 'bn0fegqg', 'sy8sloqo', 'aupjlpfm']
306	['unx1pv2k', '0njpdbv5', 'usfvulc2', '8d90mc54', '01q4pu9k']
329	['dsfbmhbj', 'q9bwvh0t', '2my9o9fy', '9aw78s63', '26kx1b0h']
344	['eywnnzxe', 'rc5d6wi3', 'c187k4yc', '55gugbs8', 'vjpf1fk6']
358	['0yysikc1', 'w1bx4a7v', '0mwz8kwo', 'jjh1z5c6', '2tre0wat']
362	['2bupc5jh', 'bfcz49t9', '2f7wqamp', '8iqs6jko', 'wn98fql3']
377	['qeqd4soe', 'sywxrxmf', 'y420tku1', 'roe6g61u', 'lm73oj21']
386	['41yfx1ev', 'urj0nssb', 'g0cgjlok', 'dti9o5x3', 'x0kcrmol']
387	['qeqd4soe', 'sywxrxmf', 'y420tku1', 'o1xkgkn1', '9wnkmn27']
404	['daj5g788', 'u89jd28e', 'eo1uz3g2', 'lcy7u1i6', 'b5eve7re']
406	['daj5g788', 'y04dub8o', '3w5ouagx', '5g02ykhi', 'u89jd28e']
414	['wxrv37ec', 'mqk72say', '1fxb5vru', 'zu5mg2im', 'n5ogyxz7']
418	['ec3pmvih', '8ko7mmu3', '4r96f92d', '2bupc5jh', '726t123x']
420	['t6rxsiat', '1jtln8wc', 'f0m3wuyj', 's0aqouwa', 'nxihvig3']
441	['5h54azyy', 'v1cfaqyx', 'bx7vz0r7', 'oj278zls', 'a5w7tbtp']
443	['446p4tbc', 'sikgdopk', 'km2uxj9p', 'x7ybnese', '679ds029']
450	['3p8rdaoj', 'jw713e2n', '6t92yhti', '42wcyjuk', '3vccsofn']
452	['45y7jepy', 'xe2a9x07', '7bvwlis6', '6x8xp62f', 'pc2cnhjd']
469	['08u566ia', 'ihgxtu8g', 'rpglw6mm', 'hj3xxwru', '9cswjm9y']
488	['k1n00gir', 'ny7wkswf', 'i8jv5iqo', '01c1hxav', '32e1uxhl']
491	['rn8eezep', '7dyhyruo', 'atd6bg76', 'uj0k84vk', '5gldyo2d']
499	['nr0fu2qb', 'h7ftu3ax', 'qi1henyy', 'yrowv62k', 'umvrwgaw']
508	['msb6wgnv', '6ovv79ia', 'ca3h96bx', 'xdll3xj5', 'rcsohu4m']
522	['iyc8j5mr', 'tc6btsdu', 'xp2qkk52', '4ttda53p', 'g9pwxfd2']
530	['zo8stuvh', 'ywvk6gu6', 'zq6oe8w0', 'qhbuvt1l', '5t4twnpm']
535	['l2i3aa3k', 'f4jx3b2q', 'v8m7cszi', 'qxxn1zf9', 'lpar7tc8']
566	['io8mozoe', 'r1m709hb', '25bdifv6', '6ir39t8h', '4cy3er3y']
572	['9mvk86q6', 'viqy2ec5', 'yyfsnthj', 'x14iywtr', '4jyltfus']
600	['wjdif3r3', 'z2jtzsl6', 'upf0ecx7', 'be8eu3qi', 'mayhg4jq']
611	['0u4nmrq4', 'eauj21v4', 'leqluxpl', '4ip0yl0n', '19skljon']
616	['yslf5er3', 'o6dd2vu1', 'qgxaekae', 'j9xlhtko', 'pr1fd8mj']
628	['y8i60bm3', 'dql5n9k7', 'g6kag5ij', 'y9urkfnt', 'cbp4o6ou']
631	['yjm6asp5', 'mmr04tsm', 'jazfyjwl', 'pxo5uh4w', 'pq571myy']
653	['np1y2fkt', 'la2wvnb0', 'y4eyse0y', '3z9ubx09', '0r3l3b88']
672	['iyc8j5mr', '0pcgcbjw', '6l4le1pq', 'vjwu0fvp', 'xneu8glk']
675	['lwhy2spw', 'q1ay1u90', 'xi2whtvr', 'akcqliaq', '2qksxqmb']
679	['7xb7hj9u', 'iff8cuum', '5nyc1cn5', 'li8kvzdh', '5hei9fac']
704	['r6r7k3zr', 'ghi0ekm5', 'a27vtdb6', 'yuppix3r', 'iff8cuum']
707	['o7qibwzj', '17km3arw', 'w4m9agd0', 'kjc1jdvz', 'x0xtiwsm']
711	['e63j8gci', 'vndj6f7w', 'octtj2vf', 'qdw86v8i', 'f4jx3b2q']
713	['tk0iwpnb', '8t4rnfyu', '7f33cu6l', '8i2ryrfe', 'nosh8awp']
717	['630w2rtn', '1adofojj', 'b6bl0xrc', 'w3zbf5k4', 'iwdklgyp']
746	['wrzmgnrb', 'f2ayoefj', '5lzixulv', '61brxcg0', 'p0jht22m']
751	['x5btuxrq', 'hs2q61gw', '1umbwskb', '43uhmi0g', '4h5a6qh1']
771	['f3w4v5ej', 'ybyk54ts', 'lsgm7y5t', 'zj0yxy2z', 'jhsqrto0']
776	['styavbvi', 'trrg1mnw', 'w5rk8luy', 'rvzvibbt', 'tgrh7ap4']
787	['jr92ou2e', '5rdsn2mn', 'y7v9zc6w', 'b9nsh19x', 'fdyfg0kf']
792	['ws7lp560', 'z8jbxag1', '3ybiysp4', 'gywxvzm6', '6gb1za5h']
805	['ag18sokf', 'xpwfoal7', '0uoiifs4', 'yo815hnj', 'q4zuslmp']
813	['tx3qbg32', 'o6dd2vu1', 'axa9cqk6', 'zcmaqar2', '9jqafpkp']
822	['x5btuxrq', 'hs2q61gw', '4h5a6qh1', 'nles7ymd', '43uhmi0g']
824	['u5rbvc3i', 't0zphgfl', 'q77tr31d', 'fnguelau', 'r67lnbfc']
835	['bcttenl4', '6j45mmjh', 'bfm45zas', '6gcahsgs', 'xoduxbst']
837	['eauj21v4', 'rckwiqgb', 'mi6bdisx', 'g0wujywh', '7a543f7v']
849	['eumvomou', 'ncfvllzi', '8s7zy55f', 'otme0vmu', '4kfbs7j4']
850	['8llmriik', 'q732eylh', 'eys1k8gb', 'avmfz0z7', '9pei109o']
852	['bcttenl4', 'pn516wom', 'zouscolw', '08z6z7d5', 'xq525smx']
877	['ywvk6gu6', 'i5j4nmjz', '0bczgiyy', 'sxq2063i', 'on6ss822']
889	['p196javw', 'wm3l1849', 'on6ss822', '6mdimxnk', 'o1mg23wb']
916	['ms7hst7z', 'u0lvjlbs', 'yyhuctqg', 'b03s7wsw', 'ybaxa1vg']
935	['qeqd4soe', '14alhxc3', 'tq2vdo88', 'zqzs6vtf', '75m13rha']
938	['qeqd4soe', 'sywxrxmf', 'fq5nayxt', '1ef8ac5c', 'pn516wom']
954	['qtzhfnr6', 'gqwwfpch', 'llcit7x2', 'be4afbyo', 'c6lilxk3']
958	['t1a8vnms', '0u330d2u', 'q91h510l', 'o4ri7t16', 'rhto8dpf']
969	['h4sbz3md', 'd6mt6nze', 'eomtjrgc', '69wuny3p', '3lfmmfp2']
971	['wpabett8', '88vj8czi', '39dqjlly', 'bgljm9q2', 'gqww6dfm']
977	['68o7g6k7', 'kl2w6yiv', 'e8m2n9v6', 'pkhinwlh', 'yw81byd0']
984	['msra1ghp', 'zy48nad1', 'j81gogc8', 'mpuhbr2p', 'spwtv7n7']
987	['tk0iwpnb', '3mfwweyr', 'ub7ilx98', 'b0wy5zz4', 'ikz8ui8y']
1039	['0oq0xmzr', '48frs5mc', 'xy4m6x8d', 'qgwu9fsk', '5gshj480']
1056	['lvw0cnwj', 'wtenvb27', 'dvwkh1d3', 'jjiiutd5', '95e1kuux']
1060	['ljpeq5aw', 'uyzalds2', 'p36ilfqj', 'xsqgrd5l', 'tgd6gy3z']
1062	['8n4zf9oo', 'li8kvzdh', 'rk9hsw2b', 'a242g5kg', '08h4198w']
1070	['lvw0cnwj', 'zueprmdz', 'r58aohnu', '92z77upt', '1wcfrvnd']
1072	['s23d5pns', 'mt61b7o7', 'd7tk12u2', 'vpoqfm7d', 'k9mbmgvr']
1073	['7obhnmah', '6sk97gc4', '9bhi3rqu', 'ksvw62gl', 'haxdc30r']
1075	['2uy0jjdh', 'z92xqedn', 'hkk23tqt', 'aj885nl0', '32e1uxhl']
1092	['qeqd4soe', 'sywxrxmf', 'y420tku1', 'lm73oj21', 'jz6o9gnb']
1103	['85k68r5h', '8rn7q32f', 'a9lw6vrs', 'mut94ov1', 'w0lgteil']
1104	['yhk50383', '5ngg5hm4', 'mqzus147', 'y98bleop', 'e49rdu76']
1108	['vp2t4xkn', 'qgxo9cr7', 'ksvw62gl', 'pq571myy', 'v0y734lu']
1118	['ncfvllzi', 'jihyavm1', 'g9r1fdm4', '4i19gysg', 'hcuxj2k7']
1119	['y6zisciu', 'jjh1z5c6', 'ipzn2sxb', '4kfbs7j4', '7j2nxop2']
1128	['ypxur24q', '93y40vnp', 'p9qeaedh', 'k1n00gir', 'pzbs8e1h']
1131	['e5v9e584', 'ia8rou81', 'yr69ctrj', 'q5wiqpcb', '6zfpcm4j']
1144	['ia8rou81', '4u3v4vyu', 'd5sxycaw', 'yvdaljz9', '23n5r8qj']
1161	['qeqd4soe', 'sywxrxmf', 'y420tku1', '7esjlc7i', 'lm73oj21']
1162	['z1y1zgo8', 'rpjg4a9i', 'cfd1x420', 'dti9o5x3', '6ukt0gbn']
1172	['4jjuwc9r', 'bx7vz0r7', 'y9fqa20z', 'prqrsb3c', 'sdsmy0bw']
1179	['gjsrfmj4', '1mu1o8rj', '19768np3', 'kdxoyvsv', 'lhvgsmgf']
1184	['s9b631ee', 'ld7lhdi1', '4budtw8s', 'n5bnpzj6', '1adofojj']
1189	['v5beddu4', 'l63d9lyd', 'plzklj7c', '2my9o9fy', '9ixpj162']
1198	['1f6kq8co', '8j3bb6zx', 'fiiyythk', 'kl2w6yiv', '08p8ns2d']
1211	['wyn09ag4', 'mdewdbqs', 'bwmpamea', 'c4ihkcyr', '0yysikc1']
1222	['vbnke2q5', 'ivug325f', 'rxq2bgpp', 'xmtv0v6q', '723l0buc']
1225	['6g4oclln', 'yjibz8ie', 'szekvw7e', 'r0nmq9ne', '9ljou3ag']
1229	['aawjla6h', 'dq3qunwe', '4p6fcy8f', 'd3pxk5tr', 'sijfzd2o']
1230	['yrowv62k', '5z0xwlxp', 'zycgczqy', '7xx57cwo', 'ledopkwj']
1237	['hwpn7ti1', '7ddw02f7', 'rb20ge7e', 'q7vv128t', 'fnguelau']
1250	['9iz8papc', 'jfdwo189', 'jwei2g97', 'qnuphz59', 'go5tk6ni']
1261	['y7082lr7', '41yfx1ev', 'vprj63y2', '9oxajwkk', 'krg8jvfz']
1262	['oud5ioks', 'dblqryhy', '95zrth5d', 'p6uliadr', '1l4o9pko']
1272	['m46vdpv6', '02p4et0u', 'yb9uyov3', 'gxu62u9i', 'jswlq6wp']
1274	['4zd58eqy', 'vwgvlqml', 'pl6dpxkz', 'ay69e8ad', 'lh9tk4a4']
1304	['i6u1x0xq', 'uyswj4ow', 'ez1l3m4o', 'ci0hmkjk', 'u999bx7a']
1314	['ls4qfvwq', '1aqf98e0', 'j4bfn87k', '3otvtwbb', '8f2r1d14']
1319	['626ch774', 'a242g5kg', '1ucs8zu1', 'hnsv4ov0', 'ipzn2sxb']
1342	['oud5ioks', 'te0v91nr', '7wsumadw', 'zdfx3zo3', 'hn6clwoj']
1345	['ttpbs13r', '1vd4j3qc', 'i94boetk', '3cr97dii', 'b0wy5zz4']
1346	['ba5h6uhu', '763v4duh', 'atn333j9', 'n6lwnct5', 'fq9wx29o']
1351	['6mfd3n4s', '855atuue', 'mo3y3mau', '6x8xp62f', 'mz1bof2x']
1355	['1vd4j3qc', 'n5c0hcwn', 'rckwiqgb', '3cr97dii', 'mi6bdisx']
1365	['85jx7i06', 'g8tckoxj', 'su028g3j', 'z1l6oyjh', 'djev6er7']
1374	['ys7azmv7', 'w0ebmg16', 'v49l6txn', 'iha9gjt4', 'x51jorbm']
1381	['vrhrc7v6', '65gedo6u', 'vygvs1x3', 'wb1apvn2', 'qv1xfrg6']
1398	['mkl7rvr6', '0yysikc1', '9oejm9sc', 'octtj2vf', '5c8im9ci']
1402	['tn8houmc', 'vhjzjdou', 'r9qtzdvk', 'rytzyf1j', '9qo95a1c']
1409	['8bjfoa9g', 'y14lw5b2', '9v6f2274', '2f7wqamp', 'wtenvb27']
1410	['64qt0w2a', 'yn7e3do9', '0w9k8iy1', 'vi1jl4po', 'auvehdq5']
1428	['unhrmzn5', 'li5cw8xx', '4ylt5rhg', 'f6i46t3h', '5tpkcd5z']
1430	['m46vdpv6', 'ehqk1d63', 'yb9uyov3', 's23d5pns', 'xzmzdq52']
1447	['qv1xfrg6', 'utc0qrax', 'tmwt9yd6', 'cpuyh6q8', 'o5wugbzo']
1452	['gu4mz2vp', '2bupc5jh', 'qfrenkb6', 'ach2lhhe', '607lsqlg']
1455	['riltam7g', 'nbghk20z', '0ockdyh0', 'u3ympejy', '1h01ziqb']
1468	['q9bwvh0t', 'vpoqfm7d', 'ovuh3qoh', 'r1wh54q1', '53x6do07']
1471	['mo3y3mau', 'u3832seg', 'g914ir8h', 'k7vjqzx1', 'vprj63y2']
1476	['963hkkiy', 'n9nu5n44', '8lyipugh', 'zmkvs7e7', 'uzry86hi']
1479	['zjbclhj3', 'o3pvsjq2', 'ofw7lnr5', 'k2jzadwq', 'lwpvyy49']
1484	['3h80bn0k', 'ktjhr028', 'ohkki0ke', '8iqs6jko', 'xtmn1n0r']
1490	['zycgczqy', '763v4duh', '5vodag6c', 'ey0r1py7', 'jjh1z5c6']
1492	['zycgczqy', 'ey0r1py7', 'h7ftu3ax', '2bpyvgv7', '5vodag6c']
1517	['ox59xb6z', '52jtd51o', 't4y1ylb3', 'b5eve7re', '05vmhjjp']
1526	['s1dert6n', '2hkdhwaw', 'q6ypq90z', 'tn8houmc', '8l5i1z27']
1536	['h2lnqvsv', '70nbsrl4', 'mzn4jztt', '32ua8wb6', 'daxv3reg']
1537	['ybcr7clp', '7obhnmah', 'kmwfce00', '8l5i1z27', 't4y1ylb3']
1543	['52cub1om', 'zue5hnal', 'itxde5mw', 'i1yf8fgk', 'rpwmcqbg']
1555	['3u3i5myh', '86auifl6', 'ijzoa0yn', '6zjzy0ft', 'd0nj3fsa']
1559	['9nyfz7s2', 'y77rbrnd', 'kugpzkyx', 'faue5ywu', 'ssdqobqb']
1566	['n3i3x5pn', 'p0w1nyof', '7omyaap8', '8s9l69gb', 'p0n2ys3m']
1598	['sljh3o2k', 'kiq6xb6k', 'tjhtk2up', 's2vckt2w', 'cnz7jlw4']
1608	['5ax78ysz', 'rp9opdmd', 'tq2vdo88', 'qeqd4soe', 'ax3e82js']
1609	['yo2lpdi4', 'cxqzo58q', 'iepagac8', 'kn9b4v8j', '5yi8lm2e']
1620	['s7z1l3a9', '41yfx1ev', '9sh9mk6p', 'g0cgjlok', '1mu1o8rj']
1643	['tadojzoj', 'nih4l4ok', 'whkfvd7l', 'b4161ynv', 'wvfw94n1']
1655	['wg0q628x', 'ybyk54ts', 'jhsqrto0', 'etfweo49', 'ch4ouyvj']
1677	['jlrzu0wl', '9gqonmf5', 'e756pbyp', 'b2rgb6h9', 'ge8o93rh']
1680	['xr70oiv3', '0chuwvg6', '0njeeoc3', 'q54el8tf', '9e3mxt1a']
1702	['w1bx4a7v', 'asj7352n', '8iqs6jko', 't0iw2vod', '5yscqct1']
1749	['jhsqrto0', 'npd9wz3u', '0evl3wnd', 'm31pjcrl', 'cgxa33up']
1769	['qnqh7fum', 'lricvxim', 'bv1v3awh', '9bzbab1s', 'bk6ext3e']
1786	['29ph2eai', 'eztw9tx6', 'lvbutmio', 'eecwjrdc', 'gw1pr7fw']
1800	['ajqbljai', 'swaf5pao', 'o7ww2prj', '7j7u4sv3', '02bk8vtk']
1807	['oah1to9w', 'xo7q4dqr', 'nzsx8gb4', 'lfvvfzi5', 'h1h24a4r']
1818	['0i12e4tn', 'cj7izin2', 'mo3y3mau', 'f6vau5s6', '6h83xzqe']
1821	['khkw1hhv', 'ug088fmh', '5g4smxpv', 'wqmscp6l', 'v2981aa6']
1835	['h8w4q5ff', 'iqgw6jaq', 'unql24hw', 'axxo94cr', '80kxz7yr']
1846	['lfqi7jsa', 'rnfh9v1h', 'u92ruhjj', 's96b0s76', 'kjl04qy5']
1862	['hu2lg6i7', '8oi7ptfj', 'u92ruhjj', '5zaw2iot', 'jkff091e']
1866	['x0cs571f', '8dh4xvph', 'vwrhypnl', 'tpswy2g5', 'y203109o']
1875	['p8ckcvyj', 'clrlg58a', 'v9fz02es', '58mdhe5v', '0w905c2x']
1877	['p8ckcvyj', '0vwspd6l', '58mdhe5v', 'bran54ku', 'v857wnfh']
1904	['1l7hldfh', 'ybyk54ts', 'se8tzya3', 'jhsqrto0', 'i2anrjmq']
1935	['hz5vigp0', 'q4zuslmp', '3o91v72a', 'rb20ge7e', 'nt1e70dv']
1958	['3oetrhdh', '3fagnql8', '1s8jzzwg', 'dhd9e9bn', 'lxbnwed0']
1962	['vxavox24', 'j23pvlj9', '60sbhzfs', '2jyp3ift', 'f3mvdpq1']
1966	['j23pvlj9', 'eauj21v4', 'ukqhpm5w', 'vxavox24', '2scp98u0']
1975	['sc40pmn4', 'e8fhlo37', 'mzekhyu0', '213bme3q', '40hd9tg2']
1984	['d4eae8g3', '8ihlm3fw', 'er6t9vj2', '4z8i83p4', '6fmc5mbs']
1985	['d4eae8g3', 'gwprn5hh', 'vt4ougwq', 'k7b8wj56', 'cvkdpnn3']
1990	['sjrle2n0', 'cgz5ot21', 'rtvvs3tv', 'vww8d1ew', 'otfb69ft']
1997	['6k0nhmg9', 'pn516wom', '92tvskxw', 'ijoyk390', 'm41w2007']
2008	['cxqzo58q', 'yo2lpdi4', 'd2pzezq8', '3zdv9zim', '8g70j0qw']
2057	['m46vdpv6', 'ga5z3via', 'dlwfu274', 'jswlq6wp', 'd44561hh']
2067	['unl3n0tn', '8iqs6jko', 'ktjhr028', '5a0yyowv', 'vkr0766i']
2086	['66g5lpm6', 'y9urkfnt', '4b6jrycu', '28wn23nl', 'es8l29ub']
2104	['b4mjo92p', 'k36t200n', '4ff2e17a', 'plzklj7c', 'uitc2tru']
2116	['3u3i5myh', '6zjzy0ft', '1zbsbcdd', '1k0qpuys', 'fa05sovj']
2120	['eywnnzxe', 'byw8jsqv', 'ztwemu74', '5bu0eafr', 'h35we3mn']
2123	['f9vxfk68', 'nwb7qf9l', 'd3pxk5tr', '3mk8dwf9', '1wcfrvnd']
2125	['pgasbdpp', 'iuy5a0bk', 'l69kwh48', '5a0yyowv', 'ef3qmfxk']
2132	['6a728le9', 'yn7e3do9', 'qbj8n8h6', 'gtp01rna', 'ike8mgh6']
2139	['duqgd4gs', 'yadb7gwj', '2aslzgdk', '1mx3jrup', 'dng3ef3x']
2149	['9jfclm9c', 'xoduxbst', '13kzv4b2', 'v5beddu4', 'us11gvdn']
2154	['ffy19pp9', 'cmp1bvhd', 'faj85qxc', '2un9aggj', 'yyfsnthj']
2160	['mttosjh7', 'r58aohnu', 'iu4p5k0w', 'm2z6k2va', '5vodag6c']
2161	['gjsrfmj4', 'dsfbmhbj', 'u2kjft6q', 'lwpvyy49', 'y349r3r6']
2162	['t4y1ylb3', '7a543f7v', 'y930bpqt', 'zctjkag0', 'cj3cpn5j']
2172	['tra5ewc5', '763v4duh', 'iu1d9i57', 'f4jx3b2q', 'pu12u627']
2185	['xe8t3uqp', 'xneu8glk', '0pcgcbjw', 'i4bb531h', 'vuzbni5m']
2199	['186wyg7t', 'jiunpwz9', 'lm73oj21', '7esjlc7i', '2l883zhe']
2200	['3udfl0a2', 'mqnqjn0c', '8g8yc0tu', '1l3b0hqj', 'io6f6z3l']
2201	['7o7v0ewg', 'f5ehif2w', 'gc9eg5j3', 'n2ih64pz', 'g0cgjlok']
2210	['k0v1axmd', '11xjl53c', 'z8758x5u', 'lbd6hn57', 'y203109o']
2236	['eydniusb', 'v4dbkyjh', 'xkx181ek', 'wxc5g9l2', 'v49l6txn']
2246	['qjqk8xge', '55hyrgvk', 'tf181d85', 'ixnko86u', '3jyokb6c']
2251	['aq2iz9tq', '95wclabe', '10l12wgu', 'ozj6zju8', 'ay69e8ad']
2256	['3wg6flz0', 'a27vtdb6', '2dvljm27', 'kxbw44cy', '7fociv5v']
2259	['znswomwk', 'q7vv128t', 'fo815n5l', '6zu6qjcu', '5zhjn3u2']
2263	['x51jorbm', 'xtraspw2', 'wn98fql3', 'hl956i02', 'vvmb92wo']
2269	['nr0fu2qb', 'iu4p5k0w', 'h3tor88n', '1s8jzzwg', 'b4hl6fnw']
2284	['ymbfoqfa', 'z0ni4cyl', 't5iz3vdz', 'j3b964oz', 'ut1k8xe7']
2287	['8cvjsisw', 'l375v2my', '0oxo2awm', '9ige2pwd', 'lgtpeqhw']
2308	['v6w9mlsa', '1tz7y2sh', '9mdf927z', 'hsdeesm2', 'xsk68m5f']
2313	['xsk68m5f', 'dq6iyabh', 'bctb0ewu', 'xltcax0k', '2xl0gp1o']
2318	['ylqpkosd', 'ifovibzi', 'pva0xii7', '0o3wjvpx', 'g15tvzn4']
2334	['b1s3ubm1', 'p91dk324', 'utc0qrax', '2dvljm27', 'nbn44sxq']
2368	['5hei9fac', 'tv6t7v34', 'od5nnxvg', 'eo1uz3g2', 'bn22k0p3']
2377	['m69ceq2t', 't7xaqtgo', '5dgggmv6', '7wsumadw', 'bzeqs5oh']
2427	['bttme4wn', 'ry13iyxn', 'iaziztxm', 'uaccs7k9', 'p5nte83n']
2429	['tv1a1hwj', 'bpnqz1cn', 'wqicq5ry', '6j9x3pn5', '8l1vfsbc']
2432	['hbvwm62l', 'lda1tyuh', 'd9rd5392', 'i6qoo03c', 'klqji8gj']
2436	['8dc7andx', '2ierk83o', 'y26bsn0n', 'zaibt2fq', 'fcb8egak']
2438	['r66qkekd', 'in69fhw9', '47p4g80o', '5av8aqb4', 'z68tl88x']
2450	['1m093f8d', 'vdfnrh9k', 'lldu8qv9', '0gxjjqpd', 'xtnyad3j']
2470	['d4eae8g3', 'ogrlupbx', 'cvkdpnn3', 'gv8mngz9', '1r9975o8']
2474	['auy3c2e0', 'bmt2zpmv', 'a2kill55', 'b0wy5zz4', 'g0cgjlok']
2477	['itx70h27', '6x3qopgt', 'vjpf1fk6', 'lnls2mhg', 'f5d8fazm']
2485	['3u3i5myh', 'z6elaxpc', 'pjllicm7', '8l5i1z27', 'cfkeqgj3']
2489	['8nk7pplh', 'wu2dyleo', '4qp083h4', 'g9r1fdm4', 'd81rq6b9']
2492	['1ha9cubv', 'rpjg4a9i', '6a6tyvtz', '5ifrkb75', 'fh0zym9r']
2502	['fz14yjvm', 'fxvro3wl', 'ghl2a25n', 'u6a65x9h', 'lkjsh3fu']
2505	['v5beddu4', 'l63d9lyd', 'plzklj7c', 'us11gvdn', 'irx4pcsx']
2517	['qeqd4soe', 'sywxrxmf', 'y420tku1', 'wmocjiwh', 'jz6o9gnb']
2545	['qj1v04cf', '2l83gyx5', '3a7utmsd', 'k36t200n', '4z8i83p4']
2552	['m13ndhaz', 'd6mt6nze', 'nl1ud0rz', 'wb966r76', 'yqt2zlpx']
2558	['qexarxjl', 't4y1ylb3', 'kmwfce00', 'hwpn7ti1', 'dx22ff46']
2559	['j58f1lwa', 'roz3qo2j', '1yrhikew', 'lxzmiehr', 'pwb7rw89']
2561	['0999t5x0', '2cv0vuin', 'fqdu9uo0', 'q6dxytcj', 'b9b6ww9q']
2588	['43eh69dx', '37gpov43', '4u3v4vyu', 'x64zft78', 'r82wsb0s']
2591	['ykxr9q1j', 'pc2cnhjd', 'f74g59b0', 'l9lni5d3', 'x7ffgtrd']
2594	['8d6vcqr3', '0rrhgz26', 'xndphmit', 'ticmj3x6', 'mhbwjwrg']
2599	['rhgl6vss', 'hitaptnp', '5c1e0770', 'bv7hvc1e', '5gshj480']
2639	['01h205jf', 'uddwc4tu', 'sz5fr79q', '6xxm7hcs', 'qemhdkz7']
2646	['9b6cepf4', '33wqmdnk', '2tre0wat', 'qdw86v8i', 'k8wb51i7']
2659	['y6jrt5xh', 'o476dtgd', 'jgcv1wf3', 'eohd0jjy', 'xtmn1n0r']
2679	['3a7utmsd', '0l5li1f0', 'b4mjo92p', 'hd3ujyul', 'c8rgn7e9']
2681	['l16a5nq7', 'g2bt258c', '79xw1nof', 'x5m6u9pg', 'l30ey4fx']
2686	['9b6cepf4', '33wqmdnk', 'm6eotnko', 'zycgczqy', '3nf5bxv3']
2694	['9b6cepf4', '763v4duh', '0yysikc1', 'k8wb51i7', '1s8jzzwg']
2695	['9b6cepf4', 'e63j8gci', '2bpyvgv7', 'l4y7v729', 'qdw86v8i']
2698	['i8jv5iqo', 'cn0hqvsz', 't46giw1h', 'is9a77dk', '86xwnpde']
2719	['zqg1r6c8', 'xezpzl91', 'etriddkx', 'alt4j58b', '9g0lo2e9']
2733	['ah8mzt1g', '6h83xzqe', 'y442ugst', '8f9auteb', '74279s3p']
2740	['dnm7s947', 'lbxg93hl', '8g70j0qw', '60en5zy7', 'd2pzezq8']
2745	['ah8mzt1g', 'p32h5rp3', 'el97nts9', 'j7hih6o9', 'dfhxcqr8']
2773	['94k9cai0', 'ybyk54ts', 'jhsqrto0', 'ca1v4k3h', '597jqeoj']
2787	['w0ebmg16', 'ys7azmv7', 'vvmb92wo', 'xtraspw2', 'w1bx4a7v']
2796	['5vodag6c', 'vrs88dcy', 'f96qs295', 'e63j8gci', 'f4jx3b2q']
2801	['geo7ac5i', 'u4doukk7', 'f2det6w2', '5kchpjx0', 'ky5env7t']
2814	['rm6av6sj', 'mzekhyu0', 'vpoqfm7d', 'ebgu29uh', 'hp62t734']
2825	['gunn55f9', '7kxi7px1', 'a66sszp2', '4qgfjczw', '4unn3fmu']
2827	['ajmelb8a', '3bo4md44', 'ewb09f5h', 'hvp47bm2', 'kjf63oug']
2850	['c6lilxk3', 'nvebqwwh', 'd6ho2b4b', '0oq0xmzr', '5detaogc']
2859	['v85v5o51', 'kl8kg0yv', 'eiomk2fh', 'mzekhyu0', 'moplus2n']
2861	['ec3pmvih', 'zd7a5v4q', 'ybyk54ts', 'ubomj70f', 'jhsqrto0']
2865	['nb27fn2z', 'a2kill55', '3kk1l0ag', 'zpqgz95r', 'jjiiutd5']
2874	['q7vv128t', 'nmrxjal1', 'ec13mu0q', 'z3msyl45', 'wt6azxc1']
2897	['rm6av6sj', 'ohyvuybc', 'x64zft78', 'y74qhqw7', '37gpov43']
2912	['6o7q57xl', 'u9nmqcgs', '9jlnker4', 'ipblyab0', 'cplyj4dm']
2932	['24yfnzq2', 'r4dgrxel', 'mcmqx7og', 'j1ucrhd7', 'nerxtetr']
2934	['g9btjkcn', 'sjqt01gr', 'psghawl0', 'uk6whrhz', 'ib17jyva']
2937	['sb9ckivs', 'lsrpk3wc', 'v1cfaqyx', 'r5552ql7', 'rlphji4q']
2942	['flxbomsx', 'bsypo08l', 'g9pwxfd2', 'dyxyab5g', 'yhap30qx']
2947	['tra5ewc5', '1s8jzzwg', '9mn6trtn', 'y43prnko', 'pu12u627']
2963	['eczga3ur', 'ksveiiid', 'ta3zlz4z', 'nl1ud0rz', 'ratbgibg']
2966	['f3eogz0n', '29z4q4fs', 'q9bwvh0t', 'lgflny84', 'qgzc1moh']
2980	['w3m884ng', 'd0r09lj8', 'p9c3g251', '811lov8f', '9z1caxee']
2986	['2tre0wat', '763v4duh', '0yysikc1', 'zycgczqy', 'nv1w6juh']
2995	['222ci300', '23gax7wp', 'rvygtpvb', '0chuwvg6', 'jw6kh8os']
3000	['1s8jzzwg', 'e0pbs354', 'x51jorbm', '2tre0wat', '0yysikc1']
3001	['5h54azyy', 'e4xw6gyp', 'js91utss', 'akn5hk7p', 'u3832seg']
3023	['n85adjg5', 'l4y7v729', 'x9zg7ulr', '8mwogx9u', 'c84lpxrn']
3024	['vvuaegse', '9wn91fj2', 'rjelshrp', 'io8mozoe', 'fm8koqjd']
3040	['s1dert6n', '2hkdhwaw', 'q6ypq90z', '8l5i1z27', 't84pu00z']
3054	['hw4plghg', 'vaesa8nh', 't5k8o6sb', '7m33mjl1', '7vc93ewa']
3059	['zpavu0eh', 'had5tqie', 'zzf2i2k2', 'b7w2n36j', 'hjmjav50']
3060	['kjr6dcqv', 'gc9eg5j3', 'aclcbxkd', 'f5ehif2w', 'n2ih64pz']
3066	['8w2t6u96', '6ejzpqq4', 'heegb7pp', 'xoduxbst', 'crxsv3y7']
3071	['dsz66r4u', 'qn6wawxk', 'ny7wkswf', 'rtus1qyw', 'jtaq9p6r']
3081	['3u3i5myh', 'rfchb7ar', '0n07fow0', 'h7vqmlq9', 'y5a9xtr5']
3114	['2q87yv17', 'hranq899', 'wo9gg7nx', 'e42jjatt', 'g05z8cux']
3116	['s6zoqu8a', 'ilkhg3rf', 'mkl96ybg', 't1mwzhrq', 'v60ydkm6']
3122	['vbe9ptjq', 'zzf2i2k2', '2ax0z8r6', '844229sb', 'mobl9jp5']
3129	['cyfdvgvy', 'u0jddsup', 'rtczfklg', '8dobncuw', 'e2rtzymt']
3135	['hhuu7ol8', 'hjmjav50', 'ho832o9g', '01bjz2qq', 'c0ipfbeg']
3145	['snsjrjx3', 'o61dn71v', '4iubzi36', '4fgeb27a', 'ldbscq4s']
3163	['gbf8beq4', 'ofbnzo6n', 'd19v8qca', '5ojyly05', 'f9vxfk68']
3169	['82wscept', 'pybdjsdj', 'ruwmeau5', '0r46eacc', 'v72mveyu']
3180	['n9aqux5a', 'c9fg1ni6', 'nvqv99ak', 'jfpa3rih', '08mfxvql']
3199	['n9aqux5a', 'cj3cpn5j', 'yrhb6ktc', '4iuxm6z2', 'v3kzly7z']
3221	['k1n00gir', '6hehg1yf', 'axa9cqk6', 'p9qeaedh', 'jk5tczo0']
3245	['l346qqwp', '34j9n40u', '1k0xqhda', 'ledopkwj', 'q0a6b8jy']
3268	['tk7eturq', 'cpeizrdb', 'bawgldfi', 'ijsn8d7b', '4tp99v4i']
3269	['atd6bg76', 'rcaxap24', 'kxi5qpxw', 'ut4d68ti', 'tnwafdr0']
3275	['r0taoqsw', 'kayh0v56', 'rr87vhd0', 'dm6pznm2', '6cf23zfk']
3277	['bcttenl4', '2firaix6', 'f2jzz41d', '7ouo6beb', 'y89e2dju']
3282	['k4k3kcrh', 'aekhd3tb', '70nbsrl4', 'v1kozp4s', 'yji3hwf3']
3297	['ljpeq5aw', '121p2shq', 'li8kvzdh', '65efipbi', 'c5be70t6']
3298	['407va85q', '2l883zhe', 'rh2jrojk', 'l97yi8l9', '8o2xddof']
3300	['b7w2n36j', 'waerqfzu', 'mumbnmgz', 'qcxpmfmq', 'iu5ndsxn']
3319	['u39a6nwc', 'coh92gm3', 'y4cqgbm2', 'soybk2i2', 'p36ilfqj']
3330	['pavd7sj3', 'dtja6m6w', 'dx2cx9lx', '9hzbi2yi', 'vu7bq4b2']
3334	['ueid1mma', '5hirx7a1', 'emsf4i9c', 'jcqce7jo', 'v1egyqt4']
3347	['yc7cvbii', '2xl0gp1o', '6akx6xpt', '9t6du1v5', '0u330d2u']
3349	['rpjg4a9i', 'cfd1x420', 'u7tqolyi', '6mzqk12f', 'vpatjn33']
3350	['41yfx1ev', 'yvdaljz9', '1nqbqmum', 'd19v8qca', '8i9xwogu']
3355	['lm73oj21', 'iu5ndsxn', 'aakzdkcj', '1l4o9pko', '9wnkmn27']
3358	['5nr3j1ew', '5iudn4kq', '0vjxc1bm', '2ax0z8r6', 'ivy95jpw']
3364	['lvydhfej', 'd21lvneh', 'l97yi8l9', 'vrjibtfi', 't8jlihgm']
3370	['rthsl7a9', 'ktv6fk7q', 'is9a77dk', 'gatxuwz7', '3i82sxk8']
3430	['df65w0lx', '8of3u2sc', 'k42xr256', '1xycng32', 'xtnyad3j']
3450	['d4eae8g3', 'ix48o00j', 'oj278zls', '3p8rdaoj', '42wcyjuk']
3451	['0n51j2jo', 'eq5qqshb', 'ey0r1py7', '1m1hi735', 's96beqsh']
3459	['vdejfuuy', '0e97tdez', 'cpbu3fv3', 'lx77ln0h', 'ueb7mjnv']
3463	['fpexa30s', '3f0pgo4z', 'wq3rlpo3', '43c1vind', '1peg3502']
3476	['yink1e6b', 'nr440fxm', '68cgub5o', '0999t5x0', 'w7gr98j9']
3481	['leg5ntvu', 'n2t35wgn', 'tra5ewc5', 'ereh4ub8', '0a1m1niu']
3485	['3sr2exq9', 'sv48gjkk', 'k0f4cwig', 'z795y51f', '8j3bb6zx']
3486	['zpxnr9s9', 'gap91mwc', 'dx53hxej', '4fgeb27a', 'ao6632cb']
3491	['mlozjg9h', 'ghssymgb', '8j3bb6zx', '306381wy', 'vxaf9e7w']
3502	['eml8uilb', 'ufzjvdho', 'jo489zm2', 'l3k9bb5m', '9ud32cvb']
3503	['ijzoa0yn', '3u3i5myh', 'wl2iuup5', '0n07fow0', 't4y1ylb3']
3507	['nmrxjal1', 'cgc0v1dg', 'o78vcy90', '2sb905jt', '5bu0eafr']
3508	['io8mozoe', 'vvuaegse', 'dmqk247e', 'deas7kr0', '2tggadqm']
3509	['1qwq3jme', '9f7k0q1h', '80t2ovkk', 'wz6446aw', '898oxxqi']
3511	['ngbnnpni', 'uarsobci', 'uto9q6s2', 'hbyxy4ln', 'nl1ud0rz']
3518	['06yuz5pn', 'b68c8qwm', '9kk8pevp', '7xt894vr', '3nxmw97e']
3529	['k4ttbbix', 'uv5jctnd', '37gpov43', 'ohyvuybc', '4u3v4vyu']
3549	['75cnqi4v', 'ksvw62gl', 'yb9uyov3', 'v0y734lu', 'd44561hh']
3551	['po6cqv4m', '9x5k7we8', 'fbtyz7tk', 'ewbtb3yc', 'uzry86hi']
3566	['ofgv3p8y', 'ulfz0b15', 'zjujs11q', 'iw3wv973', '9ok153yl']
3568	['avmfz0z7', '9exmyy5a', 'hakbt2zp', '9pei109o', '5vx2ylui']
3570	['t1ughb9b', 'ju87prqm', 'q9bwvh0t', 'pq571myy', '7a7oi5dt']
3573	['6rpm4phy', '72f64kpf', '2aslzgdk', 'pqt10xzt', '5o5go248']
3603	['iwd8nkls', 'gmp22v65', 'r9datawi', 'qzknhjm9', '3xvphg52']
3617	['dsfbmhbj', '7a7oi5dt', 'q9bwvh0t', 'maqo773b', 'idlmau69']
3626	['h7ftu3ax', 'nr0fu2qb', 'ohkki0ke', 'w2c01295', 'iu1d9i57']
3647	['ec3pmvih', 'wiei5dpt', 'ue58uvot', '0ogmwreb', '307rt03e']
3660	['saxtdqvh', 'liip39ku', 'o4ri7t16', 'vqswp96l', 'k4k3kcrh']
3719	['q7pieq3w', 'mfziqu80', 'ovel2jln', '0gier0lu', 'a7frertc']
3732	['ax3e82js', 'jz6o9gnb', 'oud5ioks', '9wnkmn27', 'nvbt5gxl']
3733	['ax3e82js', 'r76tqrwz', 'o1xkgkn1', '675v58x8', 'neqeedtr']
3734	['b8mx2wrg', 'f64tksb4', '5yi8lm2e', 'rmlee8jp', '50frs197']
3735	['u0vhs2d7', 'yamabj5e', 'ijlgjdep', 'tqlzeh09', 'ddpfox68']
3737	['9b6cepf4', 'qdw86v8i', '2bpyvgv7', '2tre0wat', '105ezycx']
3761	['jz3gnise', '55hyrgvk', 'ffy19pp9', 'egn81atf', 'zzscey1f']
3764	['sljh3o2k', 'uqfwx4nk', 'a2m0wswj', 'fedv6m9o', 'sdumu9yd']
3798	['7xt894vr', '998a0aoc', 'n6d6ebhm', '97vl2cfl', 'a8u31pkr']
3801	['7xt894vr', 'rztwiflt', 't8xyrsif', 's7wykoze', '9x9toshx']
3804	['tgrh7ap4', 'yf3z913h', 'ho6qjkyr', 'xmqdk2wz', '78qsuc5l']
3808	['ybyk54ts', 'jhsqrto0', '9g0lo2e9', 'dx2cx9lx', 'ncfvllzi']
3838	['s9lkvzpo', 'pta8enbu', 'z4cq9klm', '9ud32cvb', '08d9t9ex']
3843	['y74qhqw7', 'mzekhyu0', 'v85v5o51', 'g4pd6g4j', '01d8cqn4']
3844	['4ohgr8j7', 'p9qeaedh', '6mpxu6r0', 'nzc9essr', '81pr5etw']
3857	['2damkjcs', 'cht8xf0x', 'h7f3bkc2', '4bta1y3u', 'v1egyqt4']
3874	['rztwiflt', 'gw9hkw00', 'ptnjbhtw', '1wui9gwa', 'l16a5nq7']
3882	['pvshw2pn', 'fbcu88lv', 'c4ihkcyr', '7ru6tapp', '9pn62o4p']
3906	['1ihib857', 'vnta2gic', 'fwbabb3a', 'd2s3170w', 'dm6pznm2']
3908	['d2s3170w', '1ihib857', 'dm6pznm2', '5c8im9ci', 'wcq3qqt4']
3914	['asphtor7', 'ha5ld7be', 'an8957d8', 'uhs1nz2s', 'jer4jwwf']
3920	['s7v66pvg', 'l6yr6ang', 'focpnnks', 'yb6lmv1a', '7vh7d3p4']
3926	['5fg1keua', 'e0pz0z4j', '9ige2pwd', '2u5zxc2i', '64l9la82']
3941	['coh92gm3', '8xvqq5eh', 'furicopj', 'viqy2ec5', 'ps5crd29']
3942	['c3wkwn0u', '1umbwskb', '55yxh5er', 'eym2rh8v', 'uk6whrhz']
3944	['qfq1nfcn', 'ssskg86y', 'y2zcwcic', 'xnrp2tpd', 'r2hovw0y']
3963	['dnm7s947', '8g70j0qw', 'lbxg93hl', 'd2pzezq8', '227l4bzl']
3995	['ogdqq3dl', 'i3jsvtwp', 'yc7cvbii', 'lmzkseiz', 'fq5nayxt']
3998	['vy21fxfd', 'daxv3reg', 'dqhdws5k', '304aayyq', 'ce1a9k8b']
4005	['fcb8egak', '3kde69wy', 'ujq9mxk7', 'ec6ov0jw', '89r29l8g']
4016	['x14iywtr', 't3vuwghp', '96lxmeqx', '0e97tdez', 'lnzt3h1p']
4020	['konern28', 'iepagac8', 'm4hwwhux', '8g70j0qw', 's82tyeis']
4055	['p8ckcvyj', 'rc6cza9r', 'bran54ku', '14tv9r5q', '0vwspd6l']
4066	['szekvw7e', 'dcfqvp4p', '8rvhqd9b', '6ctrrvi9', 'sz072p5o']
4073	['io8mozoe', 'dmqk247e', '5eo7wfle', '1omv4r30', 'z9csj1bh']
4075	['v5beddu4', 'b4mjo92p', 'l63d9lyd', '9ixpj162', 'uitc2tru']
4077	['v5beddu4', 'us11gvdn', 'irx4pcsx', '2my9o9fy', '9jfclm9c']
4081	['66obkrxp', 'j05hs577', 'qlfp54io', 'y0wu60n4', '3cyo993u']
4093	['v5beddu4', 'l63d9lyd', '1475ms9x', 'irx4pcsx', 'us11gvdn']
4099	['6a1fl65b', 'hgcsfxwo', 'yt2fp8zl', 't7xaqtgo', '0oxo2awm']
4153	['yslf5er3', 'p3cxk8gd', 'est5jx7g', 'jzosdlu7', '2neevooh']
4169	['rm6av6sj', 'vpoqfm7d', 'mzekhyu0', 'q5ie1v0v', 'vz8eu3vc']
4177	['07a30kd9', 'w25jpub7', '3h3ihfyq', 'r0osk17r', 'e5flh0af']
4186	['z9csj1bh', 'ncfvllzi', 'd1pgjtjh', 'rowmrr84', 'z4s7u17l']
4189	['ax3e82js', 'r76tqrwz', '0r580il2', '7th3d6wk', 'iu5ndsxn']
4197	['gtp5daep', '4fhegc0z', '52cub1om', 'gttuxtw6', 'zr4pw0e7']
4199	['io8mozoe', 'deas7kr0', '25bdifv6', '2tggadqm', '1omv4r30']
4205	['zcwh1892', '18swtk61', 'ybcr7clp', 'eomtjrgc', 'fo815n5l']
4218	['t9hbbqay', 'h2sza0if', '6teavsk5', 'do5qr3ya', 'dczcruim']
4220	['3c1fujrd', 'psk1lnff', 'ihgxtu8g', '08u566ia', '5chxk43x']
4224	['qeqd4soe', 'sywxrxmf', 'y420tku1', 'lm73oj21', 'jz6o9gnb']
4230	['a5w7tbtp', 'ehmy9al1', 'lyhdeks1', 'uyy8zytj', 'wuzeby05']
4241	['ajqbljai', '08xv22bc', 'p7foay4k', 'uk67ac2r', 'u10j114l']
4254	['zqekxlz9', 'r5v2gi3v', 'db8fl9d2', 'l4y7v729', 'f97doeoj']
4270	['53v1olqq', '7y6ok9a2', 'uazqkay9', 'ntxufeg5', '32v44sw9']
4271	['ybxuykpz', '7zshbsww', 'eflyypev', '9xxv8a2d', 'vg96f35h']
4276	['ohkki0ke', 'h7ftu3ax', 'wn98fql3', 'eyxag4xd', '1s8jzzwg']
4294	['ktm0akxd', '5t16srpn', 'bre2ijbb', 'dblqryhy', '7objlrqa']
4299	['9h4zzo5q', 'wmocjiwh', 'jfeamjqu', 'kugpzkyx', '9gqonmf5']
4303	['a9prti0f', 'eszhtrze', '9e9fyarm', '7o7v0ewg', 'd19v8qca']
4312	['mena480g', 'ixvsemvw', 'bfmcqcq1', 'hgph0vx4', 'vgffg4c1']
4314	['5u63aqo5', 'k4k3kcrh', 'o4ri7t16', 'zgbzb8bl', '9zco6ofx']
4335	['8bjfoa9g', 'klqji8gj', 'or30thq4', '227l4bzl', 'fe14iohb']
4349	['eflwztji', 'u7ao9dwx', '2jyp3ift', 'piev4id4', '7s79900j']
4376	['oud5ioks', '26kx1b0h', 'z22g03v4', 'relolneg', 'kl3mfkoh']
4382	['g4k0ksr8', '9miesbf1', 'dz6nv7h1', 't2np6qa5', 'coh92gm3']
4388	['xd5uhah4', 'pjh2lr22', 'i6o608fm', 'mz1bof2x', '65efipbi']
4392	['iiafud87', 't22hwoeb', '6hkqe14l', 'gjo29e21', 'jzm6nc41']
4411	['ihler8r0', 'ike8mgh6', '763v4duh', '3h80bn0k', 'l4y7v729']
4418	['3xvphg52', 'gkf3wez8', '10dkpj5h', '5sfojk7y', 'psghawl0']
4423	['9b6cepf4', '92z77upt', 'zycgczqy', 'ereh4ub8', 'q6ho9pdk']
4449	['e63j8gci', 'f8ah4lzx', 'db8fl9d2', 'xsqgrd5l', '0hbyplqq']
4456	['f97doeoj', '65efipbi', '92z77upt', 'nr0fu2qb', 'e7uvbra5']
4459	['vprj63y2', 'd5sxycaw', 'cgnofutd', 'yr69ctrj', 'qh6fqna8']
4460	['hgpiig0g', 'li8kvzdh', '6hl6rtsh', '121p2shq', '7pqy0ejn']
4478	['500ypv61', '53t1mhnb', 'q473xazz', 'g2nhydu6', 'j4p46aiv']
4480	['tx2krngu', 'j81gogc8', '2r0a357c', 'geo7ac5i', 'a47sz3r5']
4496	['8bjfoa9g', 'y14lw5b2', '9v6f2274', 'wtenvb27', '2f7wqamp']
4497	['dksw5yzp', 'f5ehif2w', 'cj7izin2', 'bsq640o8', 'gg5c8v7d']
4498	['9hzbi2yi', 'gg5c8v7d', '01bjz2qq', 'u42d1p1j', 'ayglihws']
4506	['bf42staf', 'wdn5skh2', 'd8x3b9a3', '7as9f1n6', 'of9wlhga']
4510	['gufhaylj', 'cj82xu0w', 'ikz8ui8y', '2fyo2q4n', 'ksjkypzx']
4514	['94w1sbsb', '9bhi3rqu', '7fua7kgs', 'hrqjrrzp', 'ngbnnpni']
4529	['v4ubd1l6', 'b8c309hj', '1peg3502', 'mom4y7cl', 'z5jbjx59']
4541	['6ulvk9hv', '5s1uj2qi', 'o7ww2prj', '46al6phc', 'qv6oxjwd']
4544	['wx5zq7jt', 'kl2w6yiv', '1a7ugd24', 'n86w4vkx', 'b31ctbat']
4561	['1s8jzzwg', 'xtraspw2', '0yysikc1', 'f4jx3b2q', 'zue5hnal']
4584	['7y6ok9a2', '7s79900j', 'qdw86v8i', '4eak8e8l', '1s8jzzwg']
4586	['qdw86v8i', '9b6cepf4', '33wqmdnk', '2tre0wat', 'k8wb51i7']
4595	['lt7qsxxh', 'pq85mvab', 'nxabdur3', '5xki1ulf', 'fup55b95']
4610	['gjustwrb', 'ibnudp1x', 'ubvdzjkw', 'k7sg7gzd', '6zfpcm4j']
4626	['39mfts0g', 'q5wiqpcb', 'eflwztji', 'i0bc6k81', 'gckr8h1m']
4640	['tmdsyzyt', 'mt61b7o7', '4nuvdxjc', 'q4m2uj6r', '44m1nfb7']
4670	['edz3up3a', '9x1d1kp1', '3lzm42wq', '08d9t9ex', '6zfpcm4j']
4676	['yjm6asp5', 'orqulgfr', 'q9bwvh0t', 'xkqajjgw', 'uuxo3jk9']
4696	['ubhv7my6', '7obhnmah', 'o86wki37', '9pei109o', '6a6tyvtz']
4697	['1s8jzzwg', 'w1bx4a7v', 'nr0fu2qb', 'w0ebmg16', 'eay6qfhz']
4706	['h26a3h5f', 'mgwx0u6x', 'vwrhypnl', '7obhnmah', 'ga1fks7l']
4707	['avmfz0z7', 'hu2lg6i7', 'mgwx0u6x', 'hakbt2zp', 'vwrhypnl']
4708	['q4aqkr0w', '8iqs6jko', 'w0ebmg16', 'dxrltm25', 'mnjy6bq2']
4709	['hu2lg6i7', '8oi7ptfj', 'vwrhypnl', 'u92ruhjj', 'von13s78']
4717	['rr87vhd0', 'r0taoqsw', 'k8wb51i7', 's96beqsh', '6cf23zfk']
4720	['frx9hfxg', 'q6j7vy8u', 'p576v9du', 'gha1wg4w', 'db8fl9d2']
4724	['hkk23tqt', 'z92xqedn', '2uy0jjdh', 'aj885nl0', '6j9x3pn5']
4726	['dmrtj9xl', '8th933g4', 'jxrex0g2', 'zwil22bs', 'cwdtyr1v']
4730	['jr92ou2e', 'b9nsh19x', '4socpj73', '3et2u6sq', '5rdsn2mn']
4767	['l4y7v729', '0yysikc1', 'qi1henyy', 'w0ebmg16', '3h80bn0k']
4772	['ocfqb3a2', '9rgv88qf', 'bcraqemn', '40dsvwyb', '8dobncuw']
4782	['1m1hi735', 'gtol0evh', 'iu4p5k0w', '07cica09', 'qxxn1zf9']
4785	['q473xazz', '8l5i1z27', 'k0v1axmd', '25jq098w', 'c2a07zg0']
4804	['zs6sjlyn', 'fub9kiay', 'zpqgz95r', 'kczhrxxd', '6danlh8h']
4809	['3cr97dii', '1vd4j3qc', 'mi6bdisx', '7f33cu6l', 'n5c0hcwn']
4814	['wcq3qqt4', 'd2s3170w', '5c8im9ci', '07cica09', '1m1hi735']
4822	['ntxufeg5', 'zpqgz95r', 'iff8cuum', 'hnx213kp', 'c84lpxrn']
4853	['1vcc1khg', '9gn4jcu9', 'xtmn1n0r', 'dhd9e9bn', '8ko7mmu3']
4884	['ckswlo9o', 'nd5r4yt4', '46je80h6', '2rcngljf', '2qwv6wzq']
4894	['ypls4zau', 'obhm5mc5', '5a5a8ifz', 'maxbdi99', 'tkxzhf7c']
4901	['szekvw7e', 'lz8b60ew', 'r0nmq9ne', 'cnfpsbuk', '5kchpjx0']
4928	['ahpkmffy', '3fiqpart', '9x5k7we8', 'vxmamhkx', '53t1mhnb']
4955	['kl2766oe', 'ch4ouyvj', '2ax0z8r6', 'o5k6mqid', 'x9veckdi']
4962	['sjkni2uc', 'vrl9gtcp', 'm5siraig', '9pn62o4p', 'm8xfza1d']
5001	['bn0fegqg', 'zzyibdy7', 'on6ss822', 'ug239kup', 'e9ntnp5r']
5004	['wi1slkpf', 'qfq1nfcn', 'e63j8gci', '7qpwux9w', 'tunbld3v']
5008	['snlukr6c', 'yyfsnthj', 'jfeamjqu', 'bx7vz0r7', 'e4xw6gyp']
5020	['geo7ac5i', '7015mpuh', '4vkkaqhz', '5ifrkb75', 'ngzjvjlj']
5022	['9s9ctu9i', 'jvood8ur', '6nsoj5we', 'gduako3g', 'jp87rp44']
5039	['zr4pw0e7', 'qlejjw9s', 'gjsrfmj4', '5ojyly05', 'j67qgjbj']
5048	['a0q61mpi', 'iu4p5k0w', '92z77upt', 'ykfidmzv', 'xtmn1n0r']
5055	['0o7rm667', '8hvve871', '6mzqk12f', 'xmd8fh95', 'vfcp8h1n']
5069	['f60z8jo2', 'v3kzly7z', 'mi6bdisx', 'nosh8awp', 'taz8f384']
5082	['9b6cepf4', 'zycgczqy', 'qi1henyy', '5vodag6c', 'qdw86v8i']
5084	['od5nnxvg', '5zn5mgi9', 'ykxr9q1j', '3fiqpart', '607lsqlg']
5090	['xmqdk2wz', '78qsuc5l', 'ho6qjkyr', 'x7qlnugx', 'r4btmprw']
5097	['hduwjbtq', 'n2rec4i8', 'p0brp6qd', 'kb3xi0fk', '1u38iqip']
5098	['xtraspw2', 'h7ftu3ax', 'w3ls1d7w', 'qi1henyy', 'mnjy6bq2']
5101	['khymg0zr', 'cq5il80s', 'sdsmy0bw', '33wqmdnk', 'pvjoxgn3']
5107	['8b0bjxdt', 'wzqdo1st', '0mwz8kwo', '726t123x', '80yu5aiv']
5109	['ickzzm6y', 'yw81byd0', 'd8vo0ncl', '597wavq2', 'ehszmbnc']
5111	['j4p46aiv', 'h9nzxlaf', 'ptd57hee', 'xkqajjgw', 'qp34apct']
5154	['ivy95jpw', 'x8erq4pc', 'rh2jrojk', 'xnrb0byz', 'trmwm9qq']
5178	['0x3uihto', 'ojw27c8o', '3akrube4', '9ss25ozo', 'zjur5j95']
5184	['1mz44ole', 'dtja6m6w', '9hzbi2yi', 'pavd7sj3', '4yp4beuh']
5190	['7yias3rj', 'rkgrsiqf', 'park7t3g', '7hvq9qaj', '095g2l66']
5212	['tl16qf33', 'jvo0nk3w', 'lnnsxwk2', 'l19nsvun', 'lrqt2gcw']
5218	['jr92ou2e', '5rdsn2mn', 'uhtwkkk3', 'zrjvpoq0', 'l07q84ni']
5240	['h65g7bf2', 'zowgwnjq', '304aayyq', 'uxz185vr', 'mb18fj8a']
5242	['yn2aylru', 'v1ei9im8', 'yjbmi8ur', '0e97tdez', 'uk67ac2r']
5255	['t5sgguxr', 'nksd3wuw', 'py2ygpzt', 'a47sz3r5', 'bqn29m9k']
5276	['t13pehgc', 'i5h0gm3u', '24t0lunz', 'h6b8xuvs', '5b1xsakf']
5298	['9b6cepf4', '2bpyvgv7', '5vodag6c', '5z0xwlxp', 'h7ftu3ax']
5303	['vwmjf326', 'w1azm2mc', 's86zb5up', 'dfch7enk', 'rytw6rfd']
5311	['f6li7qil', '2qwv6wzq', '09jbs6mx', 'cucrqa16', 'k2zrdjyo']
5313	['l4y7v729', 'h73m17lw', 'f18a3xiv', '2u5zxc2i', '32ua8wb6']
5317	['2firaix6', 'gsgbhqwl', '5g70w76j', '0z1gzsfh', '5qhc4z2t']
5320	['zue5hnal', 'cg6v3yma', 'umvrwgaw', 'eay6qfhz', 'x51jorbm']
5323	['r58aohnu', 'yrowv62k', 'h7ftu3ax', 'iu1d9i57', 'h2sza0if']
5328	['4uieqidm', 't0iw2vod', 'umvrwgaw', 'h7ftu3ax', 'ohkki0ke']
5333	['h0iynw2w', 'baodjrw2', 'rc6cza9r', '7klqhnr2', '039k70vs']
5366	['xtraspw2', '9pb2eqoa', 'h7ftu3ax', 'w0ebmg16', 'w3ls1d7w']
5399	['qeqd4soe', 'o43e6aid', 'zqzs6vtf', '14alhxc3', '9y9s7tn3']
5410	['qqwqmn2z', 'e04rm758', 'ntxr1ivx', 'ja4oo96l', 'lo4swmnc']
5430	['xd5uhah4', 'f97doeoj', '65ois1qn', 'uarsobci', '8m59whf9']
5435	['9hzbi2yi', 'pavd7sj3', 'vu7bq4b2', 'dtja6m6w', 'zzf2i2k2']
5441	['92z77upt', 'xtmn1n0r', 'r58aohnu', 'uyzalds2', '8ko7mmu3']
5446	['w3kkizaq', 'dt2pew66', '0mwz8kwo', 'qi1henyy', 'dq3qunwe']
5455	['4hog76lx', 'ej9qbrt8', 'qcxpmfmq', '34eot3zh', 'pn516wom']
5460	['qcssljgq', '7pbrnn2g', 'idg7c8wf', '1a1zb9p5', 'jtaq9p6r']
5464	['cd81i918', 'j0bu0upi', 'a7420by2', '9p2pzsx0', '39zvwm0s']
5480	['7xnga86x', '53t1mhnb', 'nt1e70dv', 'rb20ge7e', '5jlohhmv']
5490	['2damkjcs', 'yo815hnj', '45r3ccwe', 'cht8xf0x', 'efkl93ta']
5492	['nl1ud0rz', 'z77wg8j9', 'z94skip6', 'xzn11n74', 'ioclf03d']
5497	['nxabdur3', 'lt7qsxxh', 'h1sura49', 'du8wmh6n', 'a242g5kg']
5506	['8fbsaocw', 'yn7e3do9', '88vj8czi', 'ihler8r0', 'y6jrt5xh']
5512	['518rjfnc', 'uqpxs7et', 'pmd1n2l1', 'ie61xbks', '74dw6emg']
5515	['b1vlaly1', 'a54kdnxm', '55hyrgvk', 'fsa9o8ve', '9oxajwkk']
5523	['6j9x3pn5', 'bgsbbszf', 'xokujzbl', 'k4ttbbix', 'q5ie1v0v']
5532	['tk0iwpnb', 'wt5qxe0j', 'tp7wthiv', 'b0wy5zz4', '3z9ubx09']
5535	['3m9yonqe', '1ov3eydq', 'dqhdws5k', 'm0598zrc', 'sygm6irl']
5623	['zvmwubuk', 'uom5r1pf', 'gg5c8v7d', '9g0lo2e9', 'hjmjav50']
5648	['icnjhhyy', 'lxzmiehr', '4mp1iu55', '08h4198w', 'xmgi40hg']
5663	['3znsneqq', 'a8065dca', 'tb460wxd', 'ielatiaq', 'qd30tmuy']
5667	['73b58lcm', '296ilxyg', '7xb7hj9u', 'n1ysi7qc', '80t2ovkk']
5668	['f3eogz0n', '2cwvga0k', 'iz5uzizo', 'dqfndau7', 'vnb7g17n']
5671	['leqluxpl', 'nzfpgxa0', 'p0brp6qd', 'ie61xbks', 'nz42wegs']
5686	['64qt0w2a', 'u3ihnglr', '401l7jbn', 'su028g3j', 'fdkt6moe']
5695	['9oejm9sc', 'wcq3qqt4', 'octtj2vf', 'vndj6f7w', 'ca3h96bx']
5719	['8acldtv2', 'h2h4bnd5', 'uarsobci', '3bwqbe5n', '3otvtwbb']
5748	['92z77upt', 'ohkki0ke', 'iu4p5k0w', 'a0q61mpi', 'ykfidmzv']
5762	['bpu3hpbn', 'dvi7pd4a', 'a9yo0htv', 'w1d83bkb', 'y442ugst']
5764	['j58f1lwa', 'hsm75cww', '7ru6tapp', 'o5k6mqid', 'w19729nl']
5765	['1cpjqav4', '9dlaaye8', '2qksxqmb', 'i88ccp9w', 'w0e2expw']
5811	['dhd9e9bn', '1vcc1khg', 'y43prnko', '9ezhwvv9', 'fj6l76hq']
5814	['zy48nad1', 'f64tksb4', 'pggf4wyo', 'b8mx2wrg', 'msra1ghp']
5817	['41yfx1ev', '3tnual3u', 'd19v8qca', 'zrg21jgx', 'zsygn29p']
5825	['hgvqjtfa', '2lanvyia', 'uhtwkkk3', 'tljydrnu', 'w7gr98j9']
5830	['3u3i5myh', 'c2krtbvr', 'cieh5gyp', 'ypqusgs3', '8lnjbxe5']
5835	['y3fagw3t', '24m4rh9w', 'oxad3dae', 'pq6c0zia', 'nhy1ofwa']
5847	['eztw9tx6', 'gw1pr7fw', 'oydib3p6', 'toy8i1lm', 'ngbnnpni']
5851	['v6qgjuas', 's1jrb2tn', 'yc7cvbii', 'yr69ctrj', 'yjibz8ie']
5858	['erygg5u2', 'xuqkhpn7', 'n9zqc1gm', 'prqrsb3c', 'n0uy6hd2']
5887	['f0t6n2j1', 'y3vhezw8', '6ajmuuld', 'yhun6hid', 'ws3tfs1j']
5891	['knbngla3', '8bjfoa9g', 'y14lw5b2', 'wtenvb27', 'nxihvig3']
5893	['r4q0zqam', 'x6cozo6b', 'n1r841sz', 'hunepli1', 'xwax7o13']
5899	['alc0jsh9', 'ug088fmh', 'g4k0ksr8', 'v1ei9im8', '50a2hncd']
5951	['lr20prun', 'yr69ctrj', 'k42xr256', 'ikacd7ls', 'jctz6fbg']
5954	['5gq0wqej', 'ticmj3x6', '14xuei7l', 'zjbclhj3', 'eu1gbga9']
5955	['1s8jzzwg', 'dt2pew66', 'h7ftu3ax', 'zycgczqy', 'y43prnko']
5976	['io8mozoe', '4cy3er3y', 'deas7kr0', 'vvuaegse', '5y6gjl2t']
5986	['rb20ge7e', '5jlohhmv', 'ljlsvc9h', 'gw9hkw00', '2j11uxmx']
5999	['65n6p550', 'b7llp5r7', 'tnkkas7x', 's1qnjgev', '0999t5x0']
6011	['io8mozoe', 'zs78ndoa', '0999t5x0', 'szaxl65f', 'ru2ty1y9']
6013	['bgiyvqgw', 'rjelshrp', 'yhmcx7ae', '868txjrw', 'wtqwghon']
6018	['io8mozoe', 'dmqk247e', 'v1egyqt4', 'fy9bxym6', 'sdsmy0bw']
6030	['2fokjcjr', '9b6cepf4', '5vodag6c', 'rcsohu4m', '8hkxbxz9']
6033	['trrg1mnw', '32ut5vr7', 'ixvsemvw', '3q36knqh', '1v8xf5uy']
6048	['8lzpz58y', 'fsl4veps', 'ikon1ktb', 'ncfvllzi', 'w50gorzr']
6050	['x6cozo6b', 'gpbcwdz0', 'est5jx7g', '58r5wcwd', '44hifagu']
6051	['9ixpj162', 'v5beddu4', '1475ms9x', 'plzklj7c', '6t92yhti']
6061	['sc40pmn4', '1iclw0nt', 'nro623aa', 'psk1lnff', '2uu19itv']
6073	['fj6l76hq', 'w3ls1d7w', '7zngkwoh', 'dhd9e9bn', 'y43prnko']
6079	['zcmaqar2', 'xxu5e5t1', 'f3w4v5ej', '0hmwg7io', '53joafkg']
6088	['71x3b75z', 'byvsuvn0', '46c98cvm', 'qt5qv3zx', 'v1egyqt4']
6092	['25jq098w', 'o9vlrox4', '05djnz4p', 'vge26qe9', 'ngywgodg']
6104	['gc9eg5j3', 'qwgufqcs', 'pjllicm7', 'hgpiig0g', 'ioey6zgd']
6109	['cfbj6ize', 'xj1nw76b', '5c1e0770', 'z218oii3', 'bre2ijbb']
6117	['kq0cu73r', 'npe81wc8', 'tyaazpo9', 'aj7rwpbn', 'z8jbxag1']
6129	['w0ebmg16', '1s8jzzwg', 'xtraspw2', 'h7ftu3ax', 'bfcz49t9']
6139	['qxwjpv40', 'is9a77dk', 'qh6fqna8', '6mfd3n4s', '6g4oclln']
6143	['5jwuluy9', 'ot7i769z', 'dsg0p37t', 'vnsag9fc', '2v6zigt8']
6155	['3cr97dii', 't1ughb9b', 'b0wy5zz4', 'y203109o', 'mi6bdisx']
6169	['6vqf2n5j', 'pi1yzeqg', '2jfo2csi', 'ntra3jhs', '7j7u4sv3']
6179	['00xnsdt9', 'rtwr4a1w', 'hitaptnp', '675v58x8', 'doi8buyw']
6202	['sncz4jkc', 'ngb7pbyl', 'hert77y1', 'lm73oj21', 'tdlcb9bf']
6204	['kn9b4v8j', 'sybr04qy', 'klqji8gj', 'ry13iyxn', '55lbj72e']
6222	['k9xhphpl', 'vrate482', 'ltlg3y5k', 'ydv0hc0m', '08bw0h8m']
6261	['1daa6fte', 'm69ceq2t', 'a66sszp2', 'xh1iw8gf', 'inj2fxeo']
6275	['t0l6mlm5', '6g4oclln', '0vy5yifk', 'wcmxmahq', 'e6miaabh']
6276	['ebgu29uh', 'hp62t734', '81rxs247', 'lhvgsmgf', 'c3a85ld0']
6279	['vnsag9fc', 'vxaf9e7w', 'sh9w4ipq', 'xcomjvaa', 'nz5r48y1']
6292	['mf73oqp6', 'z2jtzsl6', 'lgtpeqhw', 'be8eu3qi', 'k30wvnx8']
6294	['xz7yzr2f', 'dny9rgv9', 'cjfn4dna', '748c97u7', 'ym5my5st']
6296	['nblbacmn', 'y2715f19', 'jbpocl1k', '4ifng0a6', 'iyi2fwhf']
6301	['h2vct9h5', '0retx7ty', 'p80ni69c', 'jfftgjta', '9f5i6crg']
6304	['h6gdck2u', '7x9jzge5', '6e444g2z', 'ouno4jpl', 'nl1ud0rz']
6317	['h4cu63cm', 'spfc0fc0', '8ljnxihr', 'ooy5nf1d', 'c0i45oix']
6325	['p5ceve0x', 'vge26qe9', 'ajmelb8a', 'dgnddq80', 'e0pz0z4j']
6326	['g57r3son', 'imivfkaj', '307rt03e', 'kq58gxgl', 'asj7352n']
6333	['2jfo2csi', 'q6ho9pdk', '925f5ucu', 'i4bb531h', '1l10diya']
6341	['u9nmqcgs', '6o7q57xl', '43z85jsb', 'cplyj4dm', '9jlnker4']
6345	['q77tr31d', '5zhjn3u2', 'v0y734lu', 'tbio295u', 'hz5vigp0']
6353	['gw9hkw00', '5jlohhmv', '7xnga86x', 'ljlsvc9h', 'rb20ge7e']
6356	['qeqd4soe', 'sywxrxmf', 'y420tku1', 'o1xkgkn1', '9wnkmn27']
6379	['qeqd4soe', 'tq2vdo88', '14alhxc3', 'zqzs6vtf', 'cntmsia6']
6394	['72jwlfqr', 'lxdcelk1', 'hcwuv519', 'byrpj1g2', 'gk1avld0']
6396	['geo7ac5i', '9lwtmn6c', 'sqxdwu6j', 'ysu5rwmi', 'e8feupei']
6417	['5esyjt0l', '6ti9w1pn', 'hhq50mrc', 'fbyq0nco', '6hoi1u8p']
6418	['nmh6luou', 'wxxi37v9', 'fp81ceeu', 'hkh1crxr', 'c6svgwoj']
6445	['26kx1b0h', '08z6z7d5', 'm5udbs4f', 'rbgoabfk', 'b5yrfllu']
6455	['zp93k874', 'cmeiqnng', 'xe2a9x07', '0u330d2u', 'xy4m6x8d']
6467	['m46vdpv6', 'ga5z3via', 'yb9uyov3', 'q473xazz', '1992wisb']
6492	['k3mz6lf1', 'zbkx78mm', 'nfem3htm', 'cc23zega', 'p3ytwqeg']
6525	['4j8efxsw', 'dn9nlcgs', 'e8mk04uf', 'f0m3wuyj', 'ql1nx1l1']
6533	['ajzl3y46', 'ymv5uhxv', 'tw7jsibe', 'vcl64usu', 'eahv0nxf']
6540	['sgj526ne', '9colibhs', 'omk29wlq', '748c97u7', '9th9mm7e']
6545	['3nxmw97e', '7xt894vr', 'b68c8qwm', 'y047cuxp', '2cwvga0k']
6551	['r0pzpont', 'fedv6m9o', 'ybyk54ts', 'ad17mwtj', 'dvi7pd4a']
6576	['1s8jzzwg', 'w0ebmg16', 'vx1hjh26', '9gn4jcu9', 'wn98fql3']
6612	['61ltmgyx', '2y0sfjv4', 'vszlmtf4', 'mhz8ycpk', '9cds5g5u']
6623	['uxxrljse', '86hpivc6', 'cvouxqxy', 'v53e7anq', 'zzf2i2k2']
6625	['78d7vub4', '3u3i5myh', 'xhazsa7r', '5t5l5rrx', 'u30uz8sk']
6637	['q10pvwf5', 's1kxxx1v', '0cybfr2n', 'wszd7pq4', 'tmwt9yd6']
6681	['xtraspw2', 'h7ftu3ax', 'w3ls1d7w', 'qsyqnwn5', 'w1bx4a7v']
6685	['9gn4jcu9', 'qi1henyy', '1wui9gwa', 'atloc9th', '4vkkaqhz']
6707	['8jhwamfv', 'ozj6zju8', 'xtlhhc54', 'lvvw1npq', 'po32j519']
6720	['vzdu9jwn', 'tp6co59t', 'to2wxs8m', 'blqukxw1', '0999t5x0']
6738	['bzeqs5oh', 'm69ceq2t', 'u0jddsup', 'oyr4klqk', 'oud5ioks']
6747	['33wqmdnk', 'icgsbelo', 'cq5il80s', 'khymg0zr', 'k8wb51i7']
6749	['cfbj6ize', 'xj1nw76b', '5c1e0770', '0y4f1sgn', '1fxb5vru']
6765	['4p6fcy8f', '848jmwgc', 'ykxr9q1j', 'pc2cnhjd', 's2hp3sat']
6766	['incbwgua', 'dqlwamhq', '9gn4jcu9', 'gh6bizzh', '2egb0ftb']
6773	['l9lni5d3', '4p6fcy8f', 'aawjla6h', 'pc2cnhjd', 'oi5mqxso']
6774	['olhgu24h', '4p6fcy8f', 'zc10b6j5', 'be4afbyo', '7y6ok9a2']
6778	['dsfbmhbj', 'k4ubol2x', '81rxs247', 'maqo773b', 'q9bwvh0t']
6805	['ot1uz6vc', 'qaid1rop', 'mb6twucg', 'wxc5g9l2', 'lby3xhmp']
6816	['e37oh29c', 'ml27mexb', 'm0598zrc', 'trmwm9qq', '9aw78s63']
6822	['02p4et0u', 'm46vdpv6', 'gxu62u9i', 'cj3cpn5j', 'g0wujywh']
6829	['0gjzpef1', '8gogju5n', 'c4ihkcyr', '5gq0wqej', 'e6ccoc21']
6833	['8cviwmi5', 'vprj63y2', 'y6jrt5xh', '0vjxc1bm', 'br33p9xd']
6854	['eapwqsrc', 'lkb09vs8', 'okbjepet', 'ws7lp560', '0cnjtxyq']
6855	['hu2lg6i7', '27thc6m4', 'xi17qo6z', 'stn5gl2b', 's23d5pns']
6858	['9b6cepf4', 'qdw86v8i', 'i1yf8fgk', 'ereh4ub8', 'zycgczqy']
6864	['14he8n3u', '5aev7ltr', 'q8l3ra55', 'uj0k84vk', '9zg8q0gk']
6866	['u95kg3m0', 'nles7ymd', '9dnj4ppj', '0b1dbz6q', 'u07jsjmf']
6868	['vge26qe9', '05djnz4p', 'ngywgodg', 'o78vcy90', 'r1tl2hrk']
6874	['1adt71pk', '550ik6bk', 'sz072p5o', 'yuv6w9nt', 'h82s5xst']
6881	['x60fkihk', 'kczhrxxd', '7p68se56', 'jkff091e', 'p3qcflii']
6890	['0j4ind0z', 'f74g59b0', 'x5htdsbn', 'zq6oe8w0', 'lxbnwed0']
6896	['1s8jzzwg', 'wn98fql3', 'l8zfuhzk', 'w1bx4a7v', 'sxi0tpsf']
6897	['ike8mgh6', '2bpyvgv7', '2tre0wat', 'hzbtd39j', '9b6cepf4']
6900	['l4y7v729', '33wqmdnk', 'ike8mgh6', 'qsyqnwn5', 'qdw86v8i']
6901	['33wqmdnk', 'k8wb51i7', 'icgsbelo', 'cq5il80s', 'khymg0zr']
6962	['qeqd4soe', 'hert77y1', 's0ca1r5s', 'jz6o9gnb', '7esjlc7i']
6971	['pppb83nc', 'a2voobqa', '5z0xwlxp', 'zue5hnal', 'cg6v3yma']
6983	['xr70oiv3', 'cdltu9vs', '5cno180i', '3mk8dwf9', 'uarsobci']
6992	['ngpl6xs1', 'f3mvdpq1', 'wehqqbjx', '5ogges89', 'oi8epg9m']
6995	['ohvh8vga', '6frn41zd', 'eydniusb', '5gldyo2d', 'gbpfypmn']
7001	['ngpl6xs1', 'ikz8ui8y', 'ubhv7my6', 'eauj21v4', '7b570emm']
7002	['9195zweg', '9k6uqs2q', '6xlk1n4e', 'pm825xn1', 'n1q1wr9s']
7007	['dsfbmhbj', '8o2xddof', 'stc36og1', '9aw78s63', 'jgbwd3ib']
7008	['9195zweg', 'fdkt6moe', 'g1o4t8ps', '5bu0eafr', 'a3i3t6od']
7030	['0njpdbv5', 'cpp2l8n5', 'yj652emy', 'kczhrxxd', '44anlvoh']
7032	['t4y1ylb3', '8l5i1z27', 'cj3cpn5j', 'kmwfce00', 'yrhb6ktc']
7036	['vp78d808', 'wt5qxe0j', 'hbyxy4ln', '54aruvbf', 'zq4ty9rw']
7039	['z6sjfdb9', '29z4q4fs', 'qdw86v8i', '0aik5i71', 'mo3y3mau']
7049	['vrate482', 'asdcpvhx', '3xw4qjoy', 'tjplc5j6', 'esmkqtvw']
7056	['kvcx11yo', 'rw3l8nk8', 'oah1to9w', 'jtn3y35w', '1na6yp9b']
7070	['5jlohhmv', 'ljlsvc9h', 'gw9hkw00', '2j11uxmx', 'x73moqog']
7109	['eywnnzxe', 'byw8jsqv', 'h9nzxlaf', 'nji5ek3q', 'idlmau69']
7113	['suw0h7s3', '6ejzpqq4', 'ft4f28qp', '11d18w9y', 'phpijxb9']
7130	['hn6clwoj', 'bzeqs5oh', 'cq5z8lqu', 'u0jddsup', 'y9urkfnt']
7135	['uohbxoeb', 'a40yhtqk', '0bh8i14e', '675v58x8', 's4xintwp']
7142	['uohbxoeb', '0bh8i14e', '5aev7ltr', 'xm1000xv', '28lojtvu']
7147	['uohbxoeb', 'pa000mr8', '0bh8i14e', 'u0jddsup', 'mjb3ip7a']
7152	['uohbxoeb', '0bh8i14e', 'm69ceq2t', 'a40yhtqk', 'bzeqs5oh']
7156	['uuy94dwa', 'hert77y1', 'k3m72uxw', 'o7a9c52u', 'fw7yp9jv']
7170	['2qwv6wzq', 'cucrqa16', '74femexh', 'oo6ba081', 'jkm496ip']
7172	['721ofhsv', 'd6mt6nze', 'vqlnd5rx', '1vyfy7i0', 'm89wmmxd']
7178	['5o0ihd3f', 'qp8jxcdl', 'h5fvf5ja', 'unbx6od5', '39zvwm0s']
7179	['ivy95jpw', '14alhxc3', 'x8erq4pc', 'kxdfnykd', 'kfn2q7wt']
7188	['7f5nywod', 'fnedip6k', 'yadb7gwj', 'tafg1xoo', '8mmau2lz']
7190	['qeqd4soe', 'sywxrxmf', 'y420tku1', 'lm73oj21', 'jz6o9gnb']
7198	['rpjg4a9i', 'k2zrdjyo', 'uqeikj0m', '6ukt0gbn', 'z1y1zgo8']
7199	['k457kqlo', 'awh8y9j8', 'z6sjfdb9', 'cfd1x420', '7xx57cwo']
7200	['g266ttng', 'k2zrdjyo', '88ivkkaw', 'yjibz8ie', '5ik10en4']
7205	['vmijl5yu', 'tx8ypqsm', '3kde69wy', 'blqukxw1', '8j3bb6zx']
7208	['j6vs6izt', '51c22b8w', 'etriddkx', 'zqg1r6c8', '9g0lo2e9']
7212	['ixhaq0az', 'y8p78ep2', 'f3k3olld', 'k06pck9c', 'zcij2k27']
7224	['ksqxfx8m', 'ce9jq0hq', '4kgnx00l', 'hjmjav50', 'eumvomou']
7232	['o1xsjx2p', 'ptn9ntoq', '82hqy612', 'gbgcfa2o', '0aik5i71']
7235	['hp4hmooy', 'xvzn7tts', 'coh92gm3', '9mmdtgc2', 'wrl7buxr']
7236	['6ovv79ia', 'k2zrdjyo', '25bdifv6', '5y6gjl2t', 'yaedocvp']
7240	['d5sxycaw', '25bdifv6', 'yrxgaiy7', 'g0za5fqi', 'n5ogyxz7']
7242	['6ovv79ia', 'yaedocvp', 'octtj2vf', 'w3u3vmd6', 'yvdaljz9']
7247	['6ovv79ia', 'xnrp2tpd', 'b4161ynv', '726t123x', '7j7u4sv3']
7264	['lxqsc60e', '7yias3rj', '9x1d1kp1', '86auifl6', 'wkz2ammt']
7265	['9hzbi2yi', 'vu7bq4b2', 'otme0vmu', '4yp4beuh', 'dtja6m6w']
7297	['0n07fow0', '2y0sfjv4', 'mmr04tsm', 'icz0wnfb', 'utak6i4e']
7310	['zmk8bbcd', 'kc6dls2z', 'dwcu6vyp', '6e0yre69', 'utgnwox8']
7328	['78d7vub4', '3u3i5myh', 'xhazsa7r', 'dti9o5x3', '1w3x0g42']
7333	['54aruvbf', '4et61my3', 'g1tjpc9z', '7obhnmah', 'k2qertx2']
7346	['dsfbmhbj', 'elu3dztf', 'juofmvz2', '2my9o9fy', 'fm73ly1x']
7347	['xthxesgk', 'icse3cz8', 'hgcsfxwo', '4ehxnzc7', '8pemlz7a']
7357	['250glj07', '68x50rni', 'irgnrr0j', '97msfh4l', 'te5qq8nd']
7358	['eywnnzxe', 'fypodr9a', '2qcuygax', 'yjm6asp5', 'byw8jsqv']
7388	['cj6o6ady', '43uhmi0g', 'msg9j0lb', '4yp4beuh', 'ysu5rwmi']
7391	['0fpa1f30', 'kfn2q7wt', 'i8byjktt', 'iqr3zzqz', 'e1macqqm']
7423	['08xv22bc', '2jfo2csi', '7np944lw', 'w49i0xkz', 'yjibz8ie']
7425	['mx924s06', '2f9vpqej', 'p485vc0h', 'b0g8y96j', 'e4y6l4lx']
7432	['ickzzm6y', 'yw81byd0', 'styavbvi', '3kk1l0ag', '0t5n87u6']
7445	['q1nye2ih', 'lzwgyzdp', 'snlukr6c', '6j45mmjh', 'u7ligk1k']
7448	['b5yrfllu', 'nfem3htm', '26kx1b0h', '8dobncuw', '5aev7ltr']
7459	['ljpeq5aw', 'p36ilfqj', 'uyzalds2', 'i9jrobdb', '2f09vauy']
7466	['9kk8pevp', 'qbj8n8h6', 'b68c8qwm', 'vnb7g17n', 'f3eogz0n']
7467	['9195zweg', 'n1q1wr9s', 'nswj8x43', 'cj7ygzfy', 'foopvh5z']
7478	['5jwuluy9', 'gln6e0t4', 'l19nsvun', '6hoi1u8p', '0ockdyh0']
7484	['82afil03', 'ea8yn819', '10l6kx3e', 'q0n5mad0', '4sqjvr3y']
7489	['jo724gaw', '6hl55c60', 'rc5d6wi3', '7g9fivhc', 'mldwnz43']
7495	['1s8jzzwg', 'w1bx4a7v', 'w0ebmg16', 'sxi0tpsf', 'e0pbs354']
7497	['vj5ahoi2', 'n7kbk9id', 'sbeugobq', '86xwnpde', 'ticmj3x6']
7498	['0jvoa3ui', 'xzps65et', 'p60xy2ki', 'b0k91b91', 'cv7tb3u1']
7509	['emg87q94', '16qdfits', 'm0zvo2tq', 'okabnt0t', 'xhkjbeam']
7514	['vgmzb03s', 'c0c60pyi', 'fhc1qf8d', 'nuzt4jcf', '5053t5ki']
7519	['iz5uzizo', 'hzbtd39j', 'hg1q14gw', '46no7uq8', '7hkowm2y']
7528	['6gb1za5h', 'u5iqcw74', 'buswbfd5', '5hhbdzam', 'wqri0z4p']
7529	['3u3i5myh', 'z6elaxpc', 'unhrmzn5', 'cj3cpn5j', '8l5i1z27']
7530	['3u3i5myh', 'z6elaxpc', '3kng7qea', 'unhrmzn5', 'cj3cpn5j']
7533	['1v8xf5uy', 'svl5ks44', 'roi3lta6', 'tv1a1hwj', 'soz9p0yd']
7539	['dsfbmhbj', 'amw2c96l', 'bh8zshy9', '79xnx9gr', 'd9b814yp']
7558	['tra5ewc5', '0clp6zt6', 'i1yf8fgk', '1s8jzzwg', 'lr20prun']
7561	['g4nceu64', 'axd0s9cg', 'ayglihws', 'g9btjkcn', '8nu8qsdq']
7590	['jk5tczo0', 'iu2frsec', 'wa5rxe76', 'msut5gyc', 'd6wkv2rc']
7596	['g9pwxfd2', 'svxbesi4', 'd0nj3fsa', 'lrqt2gcw', 'bsypo08l']
7624	['9colibhs', 'sgj526ne', 'wm3l1849', 'vvx3zukm', 'awpwbcwt']
7627	['v6w9mlsa', 'nq79qw82', '9mdf927z', 'hsdeesm2', 'uru7bkr4']
7628	['srmmmyll', 'rvny2khn', '1e8cy2j7', 'h5xvrtfy', 'tb460wxd']
7629	['ewm8j8hg', 'ulmyc9su', 'ntra3jhs', '8u5tw2q5', 'vjpf1fk6']
7636	['8iqs6jko', 'xtmn1n0r', '7ruoysxu', '4r96f92d', 'w1bx4a7v']
7682	['75cnqi4v', 'gi21di4d', 'psaq958v', '1k0qpuys', 'hxpqexi1']
7683	['2r0a357c', 'sdsmy0bw', 'v13kzr5y', 'prqrsb3c', 'ueid1mma']
7685	['cqsga44v', 'oxtvcoi9', 'yuv6w9nt', '3jolt83r', 'ds7qon66']
7689	['75cnqi4v', 'e8az2cw3', 'xegy9krj', '7b570emm', 'zq4ty9rw']
7701	['4kfbs7j4', 'h7n8w2k4', 'cc23zega', 'jiunpwz9', 'nfem3htm']
7713	['b9uc5gpv', 'rvfxcqvu', '5chxk43x', 'fy9bxym6', 'mqu6d8sp']
7721	['ax3e82js', 'jz6o9gnb', 'o1xkgkn1', '9wnkmn27', 'r76tqrwz']
7756	['wbsl6n67', 'x3z7utn4', 'pvrp8u8n', 'imheos0p', 'dij3wy6q']
7759	['w0ebmg16', 'dq3qunwe', 'c59vfq1o', 'wn98fql3', 'ximw03ej']
7761	['kfohrmhl', 'syv1rrte', 'cviheaos', 'heegb7pp', 'ys7vovie']
7772	['kwqdyhn6', 'zz0i50l7', 'obhm5mc5', 'lsokxqde', 'jq9hku2o']
7778	['xtmn1n0r', 'w3ls1d7w', 'h7ftu3ax', '4mx9t5td', 'xtraspw2']
7789	['fq9wx29o', 'eq5qqshb', 'r2hovw0y', 'ca3h96bx', 'gtol0evh']
7801	['z2z0hu49', 'vprj63y2', 'o8lasxcb', 'eq5qqshb', 'd2s3170w']
7814	['1tz7y2sh', 'p91vvukr', 'f07go7nh', 'sjsaw6yv', 'ywne437k']
7819	['d26v1k1y', 'xi17qo6z', 'lkjsh3fu', 'my02g4vc', 'iayyox4r']
7831	['jzu70l93', 'q6svfacf', 'csflacrq', 'a6gczznx', 'v9iq01dc']
7835	['44flnf9t', 'v6jjzs7i', '9lu2stp4', 'f0wzxv39', '8r7hnpij']
7836	['0jvoa3ui', '2la3hkzv', 'lsrpk3wc', 'k30wx94s', 'awn23o8y']
7867	['zmk8bbcd', 'cfi5zhgu', 'gorp9n1g', 'p10cya94', 'h29zzmla']
7872	['4fkg2pfm', '0uoiifs4', 'vszlmtf4', 'gunn55f9', 'a66sszp2']
7894	['5vvyd0wx', '0g4naq14', 'xl3519jo', 'tafg1xoo', 'fnguelau']
7895	['qfq1nfcn', 'y2zcwcic', 'yu2qzp18', 'iu4p5k0w', 'ssskg86y']
7896	['ngbnnpni', 'uarsobci', 'uto9q6s2', 'hbyxy4ln', 'nl1ud0rz']
7897	['828eqxla', 'd8xgzvda', 'wqicq5ry', 'lby3xhmp', '0n07fow0']
7939	['3v240tcz', 'icnjhhyy', 'bnr1r48j', 'yw8a1ssd', 'gvn2v6rt']
7963	['679ds029', 'mo1bj909', 'o476dtgd', '8gl323hs', '8zm7n7j9']
7965	['grx4gx95', 'ilt03dfk', 'sjkni2uc', '2scp98u0', 'gqwwfpch']
7968	['zycgczqy', '1s8jzzwg', 'zue5hnal', 'lr20prun', 'xtmn1n0r']
7983	['4iuxm6z2', 'iy8pp5ey', 'hxpqexi1', 'mpkli2xf', 'bh8zshy9']
7986	['ylqpkosd', '0gjzpef1', '0si51n85', 'qcxpmfmq', 'jnwuu08w']
7991	['7cbxp6q5', 'ovuh3qoh', '53x6do07', 'bzxa0ajy', 'vrttjv2b']
7994	['yg0ovmu5', 'io8mozoe', '2tggadqm', 'pyz2tnhk', 'o3cr0xvm']
8012	['qtzhfnr6', 'gqwwfpch', 'llcit7x2', '3otvtwbb', 'be4afbyo']
8044	['u20e82de', 'eipscagh', 'zkdk2v5e', 'v72mveyu', 'wzfvqj6m']
8046	['astxi4el', '1vcc1khg', 'vl7eqzu4', '9ezhwvv9', '45r6aieu']
8047	['1l10diya', 'v72mveyu', 'eipscagh', '3sqy16rs', 'wzfvqj6m']
8055	['e3e48idb', 'ywvk6gu6', '6ovv79ia', '0e97tdez', 'nq79qw82']
8069	['lht6lhry', 'bpnqz1cn', 'rh724opa', 'q9d54z1s', 'njivwikk']
8070	['2btgsuz0', '8i9xwogu', 'xpwfoal7', 's2jop0z4', 'g0g84bqy']
8095	['fiicxnty', 'qh6rif48', 'fz8ohqcb', 'lxq991af', 'nlv939ft']
8142	['i94boetk', 'fq1am5na', 's96b0s76', 'qopfltoi', 'ovuh3qoh']
8144	['i94boetk', 'fq1am5na', '6a6tyvtz', 'k457kqlo', 's96b0s76']
8179	['9195zweg', 'n1q1wr9s', 'fpexa30s', '3a5965df', '9k6uqs2q']
8191	['vh3qs9xv', 'tov6uq27', 'qh6rif48', '1y79i676', 'z795y51f']
8223	['0ogmwreb', 'ue58uvot', '52x62y5l', '8vnsrvws', 'l8zfuhzk']
8239	['psghawl0', 'kl2w6yiv', '868txjrw', '78wu4kgv', '6bgquqa1']
8247	['ihlkhh2d', '5q6cnfse', '3udfl0a2', 'f6li7qil', 'rg3iygo4']
8249	['ybwwmyqy', 'sxx3yid9', 'ouvq2wpq', 'i6zofi4g', 'fiicxnty']
8250	['lyhdeks1', 'uarsobci', 'i6u1x0xq', '0j4ind0z', 'frxriw9v']
8270	['56u8u50l', '5vp2r2bd', 'etfweo49', 'gihjcu73', 'a9vxfihr']
8281	['jn68rbvb', '0qnvydux', 'lzddnb8j', '0m2hqvxj', 'yq6jhupe']
8293	['jcq5omdq', 'pvrh2mqa', 'w4pgkid9', '250glj07', 'p485vc0h']
8309	['h8x5cpz4', 'g3hujz5o', 'egn81atf', 'uarsobci', 'cvoef8qt']
8311	['m69ceq2t', '6nsoj5we', 'xj02160p', 'lht6lhry', '6teavsk5']
8314	['uohbxoeb', 'bzeqs5oh', '0bh8i14e', 'onjgfr4j', 'a40yhtqk']
8315	['feovbv3v', 'icnjhhyy', '4mp1iu55', '3v240tcz', 'yw8a1ssd']
8316	['j23pvlj9', 'f3mvdpq1', '60sbhzfs', 'xd5uhah4', 'w036x5gr']
8321	['ba5h6uhu', 'zcnr1e2f', 'qbj8n8h6', 'ithv0k5k', 'yn7e3do9']
8350	['io8mozoe', '5eo7wfle', '84sgz59h', 'tdxrx9se', 'xbqbwh9j']
8361	['nzc9essr', 'y8boml8i', 'dfhxcqr8', 's3o9v1fl', '6pruwy09']
8369	['9ixpj162', 'v5beddu4', 'xzuynia2', 'cwdtyr1v', 'cd7cfpx3']
8381	['tbs3b4ww', 'ay69e8ad', 'tf181d85', 'aq2iz9tq', '95wclabe']
8388	['m4hwwhux', 'x88qugn9', 'nvqv99ak', '74fh51hd', '7gqkyq1j']
8392	['039k70vs', 'gc9eg5j3', '4mjg7jul', 'dksw5yzp', 'm22h669g']
8410	['qibt88f7', 'ydv0hc0m', 'hnsv4ov0', '4zelg0m1', 'ib92zi1s']
8434	['9nyfz7s2', 'qgxo9cr7', 'mviiowbw', '6r4jyop7', 'ec13mu0q']
8439	['m2bmp8s8', 'yamabj5e', 'b31ctbat', 't3xd28ly', '9xpbwf9c']
8440	['01bjz2qq', 'n5kgdoln', 'y0mbzzx0', '9ez3igd4', 'h7n8w2k4']
8443	['h4cu63cm', 'gcv4lmsr', '3t7zln1o', '8ljnxihr', 'glxt2q6f']
8444	['glxt2q6f', 'h4cu63cm', '8ljnxihr', 'c0i45oix', 'ooy5nf1d']
8446	['dt8h6a0v', '8ljnxihr', 'h4cu63cm', 'c0i45oix', 'ksbha7kz']
8447	['h4cu63cm', 'spfc0fc0', '3t7zln1o', 'c0i45oix', 'hn6clwoj']
8449	['h4cu63cm', '8ljnxihr', 'c0i45oix', 'ooy5nf1d', 'spfc0fc0']
8451	['h4cu63cm', 'c0i45oix', 'ooy5nf1d', 'spfc0fc0', 'gcv4lmsr']
8453	['h4cu63cm', '8ljnxihr', 'c0i45oix', 'ooy5nf1d', 'dt8h6a0v']
8459	['h4cu63cm', 'c0i45oix', '0oxo2awm', '8ljnxihr', 'dt8h6a0v']
8467	['2zu4jjkp', '2v6zigt8', 'obhm5mc5', '8gl323hs', 'x7ffgtrd']
8470	['glxt2q6f', 'h4cu63cm', '8ljnxihr', 'c0i45oix', '407va85q']
8479	['gv8mngz9', 'ywusapij', 'ef3qmfxk', 'ge8o93rh', 'jcqce7jo']
8483	['iu6epm2i', '4unn3fmu', 'yg2voc65', 'dgng39yd', '46swnjb4']
8498	['vkf5njfz', 'b5eve7re', 'ug239kup', 'e9ntnp5r', 'h3tor88n']
8505	['hz5vigp0', '3o91v72a', 'nt1e70dv', '47p4g80o', '9l6yn8pe']
8508	['ii0ceksc', 'k457kqlo', 'ofgv3p8y', 'r1wh54q1', 'cfd1x420']
8511	['8xgp6nhy', 'eauj21v4', 'amxqlx2t', 'ptd57hee', '7i4ssxac']
8516	['suw0h7s3', 'y3a4czk7', 'g77vjcjr', 'l6kcpnbj', '9bvetodx']
8518	['wb1apvn2', '2ccxiqea', 'd0s3vl2w', 'znpc5jq2', 'lorpo8uk']
8519	['rb20ge7e', '5jlohhmv', 'gw9hkw00', 'ljlsvc9h', '7xnga86x']
8520	['6rpm4phy', '0ho4f5wg', '2erwhb66', '72f64kpf', 'ksf2tpdw']
8523	['io8mozoe', 'fy9bxym6', 'v1egyqt4', 'y442ugst', 'apg2n9sg']
8529	['9oejm9sc', 'octtj2vf', 'db8fl9d2', 'wcq3qqt4', 'mkl7rvr6']
8533	['dngs5tbw', 'b9b6ww9q', 'pppb83nc', '0mwz8kwo', 'ach2lhhe']
8548	['nr0fu2qb', '92z77upt', 'zl4ixyg1', '1s8jzzwg', '9mn6trtn']
8550	['60en5zy7', '8g70j0qw', 'd2pzezq8', 'cxqzo58q', 'fe14iohb']
8556	['icnjhhyy', '6eivv0d9', '3v240tcz', '4mp1iu55', 'feovbv3v']
8587	['y42gcbj0', 'h5xvrtfy', '0gn3b98n', '7e3kiox2', 'lfvvfzi5']
8595	['ereh4ub8', 'jo38hjqa', '39mfts0g', '5c8im9ci', 'w98847ai']
8605	['hvy73er8', '24ie3mhq', 'br0hhzmn', 'w3jyovd2', 'egn81atf']
8614	['h7vqmlq9', '3o5c0l24', 'qb1f03hz', 'xnrb0byz', '0e97tdez']
8630	['aawjla6h', '1r9975o8', 'n1ysi7qc', 'dztaijzu', 'lvrdgpyr']
8646	['x9rv72dl', '2cv0vuin', 'rwi2rlwt', 'w3q41awj', 'yx9ygiss']
8665	['73jex4zg', 'ckx6wxxk', '5hhbdzam', 'fiicxnty', 'b03s7wsw']
8669	['h7ftu3ax', 'u8mu4yga', 'ef3warsh', 'y43prnko', 'gk3wr6s1']
8678	['ihgxtu8g', '3c1fujrd', 'zonv6csa', 'liip39ku', '4fgeb27a']
8679	['htitgh0v', 'vkf5njfz', 'z94005i4', '5zzlhyga', 'scc9wee0']
8683	['ksqxfx8m', 'p3ytwqeg', 'hjmjav50', 'cc23zega', '4kgnx00l']
8685	['hygxwl2f', 'cvoef8qt', '2bpyvgv7', '9txgtl28', 'zu8dg7ma']
8695	['33znyrn8', 'nemkary2', 'u6a65x9h', 'fbsrggog', 'cymppa7g']
8708	['vw8a1994', 'glyoiu93', 'kxx3szjq', 'znwa2kig', '8pislcjr']
8715	['nr0fu2qb', 'jb455t9p', 'h3tor88n', 'lyewg2c9', 'vdejfuuy']
8717	['nr0fu2qb', '1s8jzzwg', 'zv8xt1dd', 'h3tor88n', '1vcc1khg']
8732	['u3ympejy', '5ah2yf59', 'wku1sd9k', 'sdg65ple', 'tl16qf33']
8744	['9oejm9sc', 'vndj6f7w', 'octtj2vf', 'wcq3qqt4', 'e63j8gci']
8746	['octtj2vf', 'wcq3qqt4', 'ey0r1py7', 'pw58gayr', '9oejm9sc']
8770	['ljpeq5aw', 'p36ilfqj', 'uyzalds2', '2f09vauy', 'tgd6gy3z']
8775	['zcwh1892', '18swtk61', 'ybcr7clp', 'x924tb4t', 'h4sbz3md']
8777	['ruewzstg', 'yrhb6ktc', 'tn8houmc', 'ybcr7clp', 'yhk50383']
8793	['vd1lldjj', 'qjin5w03', 'q9d88fxx', 'krg8jvfz', 'fqdv3ohv']
8800	['rpjg4a9i', 'eo1uz3g2', 'cfd1x420', 'k2zrdjyo', 'c187k4yc']
8814	['pm825xn1', 'kn9lna4m', 'gdyntyxk', 'k30wx94s', 'y420tku1']
8838	['vx1hjh26', '1s8jzzwg', '84z7jgcl', '9wnkmn27', '0mwz8kwo']
8840	['7tye4psd', '582ld85p', '7j5zmg8w', 'l7zlby4y', '2qre0gc7']
8862	['06yuz5pn', '3kjckx8o', 'eg5snpzs', '73oe5as9', 'vmmztj0a']
8875	['d02grfth', 'whm2wkx2', 'k8yp9p0g', '03gs6o4y', 'et1ekgdl']
8882	['juxgkbwv', 'ov5wzfra', 'yj62tnz6', '8flh54lv', 'cn0hqvsz']
8925	['xwghd9ut', 'ledopkwj', 'coh92gm3', 'u39a6nwc', 'f0kcf2y0']
8927	['xwghd9ut', '02bk8vtk', 't2np6qa5', '8e9f9ssj', 'abmrgpbm']
8943	['1vd4j3qc', 'n5c0hcwn', '3cr97dii', 'kgggepu0', 'rckwiqgb']
8949	['u0jddsup', 'hn6clwoj', 'oyr4klqk', 'zbi0llig', 'bzeqs5oh']
8954	['d6a6nagk', 'cq5z8lqu', 'p6uliadr', 'unql24hw', 'oud5ioks']
8961	['9h4zzo5q', 'g4hlvnmq', '9jsx2z6e', 'k7b8wj56', '8drlvdkp']
8963	['d6a6nagk', '6a1fl65b', 'mhj9o5z5', '5f95gve3', 'jz6o9gnb']
8974	['cu56p0hw', 'incbwgua', 'icnjhhyy', 'n3xm6c0y', 'nc60nlq7']
8978	['w0i3oy97', 'qydo3yr9', 'hpbcwiwf', '9ds4ot1q', 'tzdgc3dw']
8996	['9jfclm9c', 'puozp4hy', '9yl6lg4y', 'h6dsjkvz', '13kzv4b2']
9000	['xolflz8g', '96mcmf2g', 'x6cozo6b', '8uomx7hu', 'h7f3bkc2']
9013	['r1wh54q1', 'k457kqlo', 'rpjg4a9i', 'cfd1x420', 'z6sjfdb9']
9018	['mwvcd5eo', 'ybyk54ts', 'tz5jajeb', 'dmrtj9xl', 'xezpzl91']
9029	['qibt88f7', '6qai5sev', 'uqfwx4nk', 'f4jx3b2q', 'jk37ej4c']
9035	['mz1bof2x', 'ebbaw3td', 'awh8y9j8', 'k457kqlo', '82hqy612']
9037	['6ukt0gbn', 'u2kjft6q', 'd5sxycaw', 'r1m709hb', 'cfd1x420']
9043	['lme6vcqs', '6kbdxhxv', 'lnnsxwk2', 'uipe62sc', 'kkzahuz9']
9044	['hnx43l5c', 'eywnnzxe', '7pqy0ejn', 'daj5g788', 'ga1fks7l']
9051	['sqxdwu6j', 'bk6ext3e', '25aj8rj5', 'br0hhzmn', 'geo7ac5i']
9059	['j46bet38', 'jtwb17u8', '8d0zb0lw', '8of3u2sc', 'noale9n1']
9061	['io8mozoe', '4cy3er3y', '9oxajwkk', '25bdifv6', '2tggadqm']
9062	['f3eogz0n', '2cwvga0k', 'ztc4wvlw', '58qneoj5', 'vvuaegse']
9064	['fgj2lvbg', 'l70ghm8g', 'm41w2007', 'k8xp61uu', '9kk8pevp']
9076	['f37ezj1h', 'hay91kuq', '5jjoko32', 'xyuj1j57', 'had5tqie']
9103	['n86w4vkx', 'p0kg6dyz', 'okbjepet', 'xjrhd6ee', 'vc6j8ao2']
9105	['s6lev28f', 'hphb36km', 'y3vhezw8', 'w4m9agd0', 'f0t6n2j1']
9119	['4iuxm6z2', '3u3i5myh', 'c2krtbvr', 'q473xazz', 'xmd8fh95']
9122	['mpthhazv', 'lme6vcqs', '1n0qw2a5', 'uipe62sc', 'kkzahuz9']
9128	['3u3i5myh', 'c2krtbvr', 'c8krivoj', 'cieh5gyp', 'ypqusgs3']
9129	['55gugbs8', 'eywnnzxe', 'ga1fks7l', '3u3i5myh', '8ztv34hs']
9163	['egn81atf', 'zzscey1f', 'hygxwl2f', 's4cfdgbv', 'zrjvpoq0']
9164	['r4btmprw', 'yf3z913h', 'ho6qjkyr', 'oyplh9cn', 'tgrh7ap4']
9181	['ax3e82js', 'jz6o9gnb', 'iali360u', 'o1xkgkn1', 'aakzdkcj']
9183	['od0y5ruh', 'geo7ac5i', '5nt99kyu', 'ccjzc1x0', '2hfkrl8m']
9210	['xi90m4jk', '9kq9o5wp', 'zq4ty9rw', 'h365e9gx', 'mgwx0u6x']
9213	['o4ri7t16', 'dsvmh7t6', 'k4k3kcrh', '2bm389su', 'ph7lkuus']
9218	['tra5ewc5', '9mn6trtn', 'uyb0of5p', 'qi1henyy', 'i1yf8fgk']
9222	['tra5ewc5', 'lr20prun', 'i1yf8fgk', 'h7ftu3ax', 'pu12u627']
9243	['tmnfcs7r', 'ofgv3p8y', 'vp2t4xkn', '5sx04n3x', 'r5nzz1j0']
9257	['aaxhrecp', '8g2mr8o1', 'trrg1mnw', 'ocl5qf9o', 'f0wpsaip']
9260	['09q2so3j', 'xzps65et', 'tvg6q8cw', '9jfclm9c', 'l63d9lyd']
9272	['piap9pr6', 'y6ufb4l6', 'o0m20894', 'ju87prqm', 'b6yfgc8t']
9278	['uk6whrhz', 'x6sdpk6v', '3p2cuxk0', 'bfmcqcq1', '296lr317']
9287	['a4kjk836', '3bwqbe5n', 'gz84xy6q', 'czhdn71f', 'idtt3frp']
9292	['s44gtutu', '6hnts5l2', '86auifl6', 'wkz2ammt', '9x1d1kp1']
9300	['0oq0xmzr', 'xy4m6x8d', 'bv7hvc1e', '7ec2jcoq', '5gshj480']
9323	['qibt88f7', 'jb455t9p', '4jx0oq65', 'ib92zi1s', 'lyewg2c9']
9347	['j0uojajt', 'dt7hip0z', 'dqhdws5k', '3m9yonqe', '1ov3eydq']
9356	['yuppix3r', 'tstx42h7', '4vq9ljlg', '1k0xqhda', 'u7ao9dwx']
9359	['wr9ko6l5', 'gzk9xbzk', 'y4cqgbm2', 'mio282vy', 'xgfk6txz']
9371	['axd0s9cg', 'g4nceu64', 'cf3l8uzq', 'fo4ax1od', '1l10diya']
9374	['u3ympejy', 'h8tv2u77', 'ez1l3m4o', 'cmry8aea', '5ah2yf59']
9378	['5tdmh0ac', '2aoyzj2b', '2yrgy2y2', 'd0cd89hs', '5t5l5rrx']
9417	['v77n1vbf', 'xmjj1s5s', '6hl55c60', 'y77rbrnd', '22b3rl2s']
9418	['uohbxoeb', 'spfc0fc0', 'd6a6nagk', 'mjb3ip7a', 'yt2fp8zl']
9432	['k0eheo71', 'qbj8n8h6', '6j45mmjh', '34eot3zh', 'xvphsdg7']
9450	['kb3xi0fk', '25aj8rj5', 'yosjlefy', 'vh3qs9xv', 'est5jx7g']
9454	['2wco7m0c', 'mopk56p5', 'nles7ymd', '9dnj4ppj', 'u95kg3m0']
9472	['p71adezi', 'tnkkas7x', 'm0zvo2tq', 'nb5ayz0h', 'itx70h27']
9481	['barindjx', 'prqrsb3c', '8a7vbqg4', 'lsgm7y5t', '1itor6ic']
9483	['hnx43l5c', 'zd2brx1f', 'tmwt9yd6', 'fh0zym9r', 'cc23zega']
9497	['d3530i86', '0eftiyuw', 'dptapovm', 'k8xp61uu', 'ztwemu74']
9510	['zue5hnal', '1s8jzzwg', 'w1bx4a7v', 'q4aqkr0w', '3fiqpart']
9512	['5z0xwlxp', 'oijl3pjt', '1s8jzzwg', '3ybiysp4', 'itxde5mw']
9517	['oqhmvpjm', 'hert77y1', 'ivy95jpw', '2v6zigt8', 'lpoxaetv']
9537	['6wsa54w2', 'v0frkv96', 'c0c60pyi', 'i4lg3x9r', 'm5udbs4f']
9546	['j4hnitqx', '3014grzd', 'w3jyovd2', 'pebu7w9m', 'skm4qtgx']
9589	['4jjuwc9r', 'prqrsb3c', 'rgmurgbf', '1y1ik2u9', 'pm3ck1gk']
9590	['mnjy6bq2', 'b9b6ww9q', '0mwz8kwo', 'xtraspw2', 'zjur5j95']
9604	['clk482qk', 'sni1e160', 'rcrok8lr', 'gjsrfmj4', 'in69fhw9']
9608	['ug239kup', 'e9ntnp5r', 'ljpeq5aw', 'nwb7qf9l', 'yn2aylru']
9614	['soa71kwx', '5zp3p2g3', 'coh92gm3', '3mk8dwf9', 'zj0yxy2z']
9624	['1z1tces3', 'pg69ww3a', 'vww8d1ew', 'dwgxrbag', 'xwghd9ut']
9630	['x4zuv4jo', 'bv7hvc1e', '8zufbeuz', 'pxo11hwp', 'xy4m6x8d']
9642	['1hobsclz', 'vpz3o29f', 't0s5ufzv', 'scw4p9wq', '98pujiph']
9656	['914oafkn', 'fiiyythk', 'tbio295u', 'lavcsqov', 'us518bwp']
9664	['eia1mvaw', 'o25o8ejg', 'zv351n3d', 'mttosjh7', '3km6yfr6']
9687	['pxpghfhq', 'l2ak5ygj', '7kxi7px1', '2md6g8np', 'i69uuezd']
9691	['nbqne4wp', '0ojzssli', 'xuug2eyn', '7fe2vdm7', 'xxuctcyq']
9696	['pq571myy', 'eomtjrgc', 'd44561hh', 'h4sbz3md', 'ngbnnpni']
9713	['fm8gril1', 'y8ibpd1g', 'tki4l0gb', 'hbvwm62l', 'cgxs9uam']
9718	['3ees74tt', 'krh63hqp', 'iyc8j5mr', 'ne7e12nj', '5zeqfohd']
9725	['jr92ou2e', 'b9nsh19x', '4socpj73', 'y7v9zc6w', '5rdsn2mn']
9741	['8g70j0qw', 'nq7yzfhi', '3mk8dwf9', 'vxv7pq8v', 'u3ihnglr']
9744	['b22cioi2', '9rxv6fy9', 'x7ffgtrd', '307rt03e', 'ewg9d4ei']
9745	['0vy5yifk', 'wcmxmahq', 'e6miaabh', 'pcekcvwr', 'aqke0012']
9753	['52lcpf0x', '9e3mxt1a', 'cdltu9vs', '34eot3zh', 'aupjlpfm']
9759	['9nyfz7s2', 'mviiowbw', 'ec13mu0q', '5jjoko32', 'tw7jsibe']
9760	['t6rxsiat', '1jtln8wc', 'bfcz49t9', '0clp6zt6', '4r96f92d']
9761	['t6rxsiat', '1jtln8wc', 'f0m3wuyj', 'xre1l41y', 'xs7vkm19']
9768	['g5ftdku9', 'ttvlddm2', '89fglwvk', 'tki4l0gb', 'g5k0po72']
9771	['33wqmdnk', '9b6cepf4', 'qdw86v8i', '5vodag6c', 'wzqdo1st']
9794	['dsfbmhbj', '7a7oi5dt', 'q9bwvh0t', 'maqo773b', 'idlmau69']
9803	['qi1henyy', '763v4duh', 'iu1d9i57', 'l4y7v729', 'jjh1z5c6']
9813	['4dsq1dds', '6vmfa6qx', 'bf42staf', '6wb18u6w', 'lgnaas6s']
9814	['a7nj8sgl', 'zh8wzza5', 'tc21pcjw', '3o5c0l24', 'x5w0fl5w']
9816	['gsrgf4dd', 's19w1p2i', 'gvp58frm', 'kwutlh8k', 'h3tor88n']
9819	['l3k9bb5m', 'zmkvs7e7', 'xziy99uo', 'lht6lhry', '81c2mn2c']
9825	['hqapg5ow', 'umvrwgaw', 'ximw03ej', 'zh939alw', 'j7iis8h2']
9828	['gbrf7fh7', 'gvihovvq', 'jvood8ur', '4fgeb27a', 'vccct6hq']
9836	['k5t5rjhe', 'cdltu9vs', 'z94skip6', '3ees74tt', '9n28nniu']
9840	['jjh1z5c6', 'cn3d6j6z', 'vnijpl9l', 'pw51kd1r', 'f18a3xiv']
9872	['2r0a357c', 'jbpocl1k', 'gtp5daep', 'msut5gyc', 'n9zqc1gm']
9924	['53v1olqq', 'zueprmdz', 'wr4r7jd8', '9mn6trtn', '1jtln8wc']
9933	['0cnjtxyq', '30pl5tx3', 'qi1henyy', 'fteydbm8', 'e756pbyp']
9937	['1s8jzzwg', 'x51jorbm', 'w1bx4a7v', 'eay6qfhz', '763v4duh']
9940	['pxpo8jni', '07scv3kv', 'a6gczznx', '00ia8k0b', 'knlc3bxh']
9953	['ivy95jpw', 'x8erq4pc', 'hert77y1', 'lht6lhry', 'xnrb0byz']
9958	['jemmceyd', 'c2pxokv4', '8d0p6qpc', '2xzntu5c', '88mhfqkq']
9959	['mtq19xku', '0fpa1f30', 'y8p78ep2', 'v2tehu35', '0illlel7']
9960	['vjvyjblu', 'omz42d9y', 'jfftgjta', 'rog0fp93', 'kcuf5x8k']
9965	['yhmcx7ae', 'bgiyvqgw', 'hezheq49', '5s1zz2lm', 'jcp3u4mf']
9997	['0vwspd6l', 'p8ckcvyj', 'rc6cza9r', 'bran54ku', '2egb0ftb']
10006	['4p6fcy8f', '607lsqlg', '5vodag6c', 'pc2cnhjd', 'aawjla6h']
10008	['9b6cepf4', 'qdw86v8i', 'q6ho9pdk', '33wqmdnk', '3nf5bxv3']
10011	['eys1k8gb', 'cv988sbx', '8llmriik', 'vblfew3o', '8lqb9le5']
10018	['eys1k8gb', 'vblfew3o', 'r66vfirw', 'o43e6aid', 'cv988sbx']
10025	['rr0v0ju1', 'zcwh1892', '18swtk61', 'dudc5eh8', '5zerlx1r']
10027	['v5beddu4', 'us11gvdn', '9jfclm9c', 'irx4pcsx', 'l63d9lyd']
10107	['p91dk324', 'b1s3ubm1', 'utc0qrax', '2dvljm27', 'nbn44sxq']
10111	['1s8jzzwg', 'qsyqnwn5', 'xtmn1n0r', 'h7ftu3ax', 'ximw03ej']
10125	['9ezhwvv9', '0cnjtxyq', 'x9sfgtim', 'ropgq7tr', 'f96qs295']
10137	['35xqlryc', 'uo3ww8j4', 'czcx5xwb', '8js7f9a3', '5szqxgjl']
10140	['u5rbvc3i', 't0zphgfl', 'q77tr31d', 'fnguelau', 'r67lnbfc']
10146	['kxx3szjq', 'zouscolw', 'vqbs5ot5', 'tlr00tz3', 'h1mo3bs8']
10167	['u0vg1305', '01h205jf', 'klqji8gj', 'iha9gjt4', 'gk1avld0']
10182	['5azti19e', '3u3i5myh', 'klmhhvtc', 'hhg2nyoz', 'ajzl3y46']
10186	['lghvztz8', 'd6mt6nze', 'yy77zuu4', '1t78tt1s', 'd5w0ecuy']
10202	['v0f5vxk0', 'fyy42zaf', 'y442ugst', '2neevooh', 'fy9bxym6']
10223	['kl3mfkoh', 't1mbyvs0', 'ohkweon9', 'eyxag4xd', 'z22g03v4']
10228	['edr7hrhp', 'es8l29ub', 'gtp5daep', '5kchpjx0', 'mo3y3mau']
10238	['mo3y3mau', 'utak6i4e', 'b5eve7re', '9h4zzo5q', 'krg8jvfz']
10246	['cfbj6ize', 'xj1nw76b', '5c1e0770', '72s5lbz1', 'dcli6uaq']
10253	['d8lmft7i', 'aqutzlx4', 'joscglfp', '4mlz5w0j', '7uaj9hmx']
10262	['gd19rkm2', 'xua4f77e', 'r8lv1zzx', 'j58f1lwa', 'trpy9bbq']
10268	['m26xr9qr', 'tmonjdrp', 'gqwwfpch', 'qtzhfnr6', '1lggbkly']
10295	['eia1mvaw', '4jnppfco', '9wnkmn27', 'ckx305ue', '30pl5tx3']
10306	['h2sza0if', 'umvrwgaw', '8dgahmka', 'sxi0tpsf', 'eyxag4xd']
10315	['spkjn8bq', 'hjuftxwg', '721ofhsv', 'kq6rups8', '6r4jyop7']
10327	['gg5c8v7d', 'q0tu1pja', 'vbnke2q5', 'be8eu3qi', 'tpmb397f']
10329	['f6li7qil', 'ihlkhh2d', 'rg3iygo4', '5q6cnfse', 'xjizvgp9']
10333	['bu5kfsfi', 'x0iartdn', 'm4fcw7lk', 'mpuhbr2p', 'd3530i86']
10337	['bu5kfsfi', 'e4y6l4lx', 'r3qhzqt2', 'kek9i9zd', '6r79qt66']
10340	['1wcfrvnd', 'ewf1z1ee', 'ccat4lyb', 'l346qqwp', 'f9vxfk68']
10346	['ylojjfri', 'ta3zlz4z', '0zun27k4', 'm13ndhaz', 'ypls4zau']
10370	['mfyurey2', 'dr067qlf', 'kq6rups8', 'mqyu72nc', 'hz5vigp0']
10395	['8r7hnpij', 'wl7odjo2', 'agknmml1', 'dyb4bl65', '02t7jcbt']
10430	['0bczgiyy', 'on6ss822', '8n4zf9oo', 'ipon95io', 'qhbuvt1l']
10431	['5al7jmeb', 'orddpgl3', 'tn8houmc', 'pc04eb8e', 'ismkry9r']
10434	['cfbj6ize', 'xj1nw76b', '5c1e0770', 'ujy4i5uu', 'h4cu63cm']
10442	['cfbj6ize', 'xj1nw76b', '5c1e0770', 'dcli6uaq', 'hfk8nikl']
10449	['mfziqu80', 'd06npvro', '1zuhilmu', 'ph7lkuus', 'o4ri7t16']
10454	['ovd98r01', 'dp274ls4', '0klbjvrj', '79xw1nof', 'fety7g0q']
10465	['be8eu3qi', '5yaj4o0f', 'iyw43izp', 'q91h510l', 'k30wvnx8']
10468	['tlknj4hm', '6hl55c60', '250glj07', '3mleybjn', 'ccjzc1x0']
10490	['8lzpz58y', 'fsl4veps', 'ikon1ktb', 'ncfvllzi', 'w50gorzr']
10493	['n5qfwl57', 'lgtpeqhw', 'uom5r1pf', 'to2wxs8m', 'wf72fra8']
10497	['rowmrr84', '8lzpz58y', 'm22h669g', 'waujy98e', 'n24k9s1s']
10511	['s7v66pvg', 'icnjhhyy', '4mp1iu55', 'il4wa97x', 'gvn2v6rt']
10528	['3znsneqq', 'a8065dca', 'tb460wxd', 'y74qhqw7', 'lsvf3hl6']
10530	['m4hwwhux', 'd2pzezq8', 's82tyeis', '227l4bzl', 'dnm7s947']
10558	['ey34e59f', '26kx1b0h', '9wnkmn27', 'z22g03v4', 'q1qqm9e6']
10563	['4py6l839', 'fe72aj3a', 'ihgxtu8g', 'waerqfzu', 'mumbnmgz']
10580	['8dgahmka', 'ua7hsfma', 'zq6oe8w0', 'n508o874', 'w3fxltzw']
10582	['b1s3ubm1', 'p91dk324', 'fhxgzm2i', '2dvljm27', 'nbn44sxq']
10583	['h4fo8h90', 'z1gnvb6i', 'n9nu5n44', '8lyipugh', '963hkkiy']
10592	['d81rq6b9', 'jtb71lfd', 'l9lj98b1', '7fyhx6c2', 'jyxrk9bz']
10599	['pz3e9y4i', 'z5jbjx59', '1oiqa5zg', '1bqohjst', '9z1caxee']
10608	['3m9yonqe', '1ov3eydq', 'dqhdws5k', 'sygm6irl', 'm0598zrc']
10618	['ivy95jpw', 'jz6o9gnb', 'l97yi8l9', 'cntmsia6', '14alhxc3']
10647	['d2pzezq8', 'konern28', 's82tyeis', '8g70j0qw', 'iepagac8']
10665	['nr0fu2qb', 'iu1d9i57', '92z77upt', 'qi1henyy', 'd6qr2abi']
10682	['wfa5fb3r', 'bqn29m9k', 'rthsl7a9', 'is9a77dk', '22q7tngp']
10685	['8gub6wmy', '1pbo1qlb', 'z77wg8j9', 'uarsobci', 'h8tv2u77']
10702	['4c7ug40v', 'snjg9p0o', '828eqxla', 'eu2vjpw9', '5tpkcd5z']
10716	['gefb43hh', 'xs8w9shx', '0qnvydux', 'qpnjloe6', '5dwkunqw']
10722	['3jigt8mk', 'ghssymgb', 'iqr3zzqz', '9k6uqs2q', 'aj885nl0']
10733	['byvsuvn0', '3xzivp7d', 'oh5wm5qc', 'is9a77dk', 'rtus1qyw']
10735	['r4btmprw', '0041cay9', 'w3m884ng', 'vjubia8r', 'is9a77dk']
10741	['g5ftdku9', '89fglwvk', 'xshqu7qm', '6a1fl65b', 'ttvlddm2']
10745	['tra5ewc5', 'ike8mgh6', '2tre0wat', 'qdw86v8i', 'l4y7v729']
10752	['ylqpkosd', 'f5ehif2w', 'ncbjncfx', '0041cay9', 'spo1lzyo']
10758	['xtlhhc54', '60sbhzfs', '61ltmgyx', '6i9yw83j', 'vccct6hq']
10763	['ibsktwj1', 'msra1ghp', '7iqyaitx', 'mi6rnaad', 'tgqcnfa0']
10768	['ax3e82js', 'r76tqrwz', '0r580il2', 'ultl3rpu', 'jiunpwz9']
10777	['p4ejdth1', 'tyqeguyf', 'd4upbc3v', 'sqvdlnyj', 'm5a8toj9']
10781	['66fi7e69', 'whh34bjb', 'eo89w6qp', 'nmrxjal1', '5kz2s7ag']
10789	['llcit7x2', '3fiqpart', '5zn5mgi9', 'ykxr9q1j', 'tz2shoso']
10801	['epzpua9t', '83re9176', '9mdf927z', 'nq79qw82', 'v6w9mlsa']
10822	['a2xg7v07', 's23d5pns', 'd7tk12u2', 'se8tzya3', 'q6svfacf']
10824	['i94boetk', 's96b0s76', 'p576v9du', 'fq1am5na', 'vaeh5z4z']
10825	['8dh4xvph', 'zdfx3zo3', '19i9lknr', 'qexarxjl', '9wnkmn27']
10849	['jqueo6zg', 'io8mozoe', 'ir20eiqr', 'odlf9z1w', 'q9bwvh0t']
10868	['88ivkkaw', 'gsvzkivp', 'opogstc5', 'db8fl9d2', 'o3cr0xvm']
10886	['nzc9essr', 'dwgxrbag', 'jfvq2gfx', 'okbjepet', 'c0c60pyi']
10892	['u3832seg', 'k7vjqzx1', 'ovd98r01', 'mo3y3mau', 'wxc5g9l2']
10896	['01h205jf', '2damkjcs', 'yo815hnj', 'ag18sokf', 'r7s2ezb4']
10899	['cj7tcpsz', 'fcb8egak', '7xn7m662', '3kde69wy', '4j8b8z4t']
10900	['5m23wtpi', 'xnrp2tpd', 'hi4a02kw', 'qydo3yr9', 'jmhexmet']
10913	['b88nilfd', '5vodag6c', 'qdw86v8i', 'v49l6txn', 'ygvg9jfe']
10914	['fo4ax1od', '3sqy16rs', 'o7qytdl5', 'atnxkvy6', 'fjuehj70']
10927	['nf6n6afo', 'npd9wz3u', 'jhsqrto0', 'jj2u35z4', 'xgfk6txz']
10944	['6oicmeam', '9o2nehet', 'gsplo37j', 'g63ed05i', 'eyxag4xd']
10953	['ivy95jpw', 'x8erq4pc', 'xnrb0byz', 'hert77y1', 'oqhmvpjm']
10968	['cd7cfpx3', '2l83gyx5', '15q47bw5', 'l63d9lyd', 'hd3ujyul']
10975	['furicopj', 'birrxj48', 'n4ildbuc', 'daxv3reg', 'ft4f28qp']
10991	['1fgnfh62', 'eje3i558', '38d6gb7o', 's7sq53zy', '2ejg2ngh']
10993	['91ea40nz', '1a5oy6fr', 'ta3zlz4z', 'd7024aia', 't93vc14m']
10994	['3u3i5myh', '6zjzy0ft', 'w750idb5', 'd44561hh', 'mfp9jbti']
10999	['06yuz5pn', '7w0e546g', '6o7q57xl', 'p576v9du', 'uqeikj0m']
11000	['rpjg4a9i', 'k2zrdjyo', 'cfd1x420', 'eo1uz3g2', 'krg8jvfz']
11006	['tv1a1hwj', 'zn28xy7a', 'geo7ac5i', 'q9d54z1s', 'jvood8ur']
11010	['u5e26byy', 'ajzl3y46', 'd7eshkim', '7dk2r22z', 'jcqce7jo']
11048	['yn2aylru', '6o7q57xl', 'se8tzya3', 'z79gel8h', 'ua7hsfma']
11051	['zbkx78mm', 'k3mz6lf1', 'nfem3htm', 'zvmwubuk', 'z2jtzsl6']
11056	['3xup6glg', 'vjpf1fk6', 'u1ilcmm2', 'cv5th7hd', 'l56c020a']
11069	['kb3xi0fk', '2qksxqmb', '5kchpjx0', '3i82sxk8', 'trrg1mnw']
11071	['tra5ewc5', '763v4duh', 'f4jx3b2q', '9mn6trtn', 'pu12u627']
11092	['e8m2n9v6', 'b2ibj1u4', '2hzq5o0v', 'fbyq0nco', 'il4wa97x']
11117	['j5b0f3uk', 'birrxj48', '02bk8vtk', 'sljh3o2k', 'p7foay4k']
11124	['9uxazk87', 'b0wy5zz4', '94w1sbsb', 'bh8zshy9', 'lsiy3quw']
11125	['qeqd4soe', 'sywxrxmf', 'y420tku1', 'o1xkgkn1', '9wnkmn27']
11141	['eo89w6qp', 'ppuki7qn', '71ixs3y4', '3unp46lw', 'vge26qe9']
11165	['33wqmdnk', 'l4y7v729', 'k8wb51i7', 'cq5il80s', 'sxi0tpsf']
11191	['ywvk6gu6', '9wvlt53w', 'sxq2063i', 'i5j4nmjz', '5t4twnpm']
11203	['yeowvvqi', '90323yzn', 'f3v1xezr', '6x8xp62f', 'u20e82de']
11210	['xtraspw2', '4r96f92d', 'w0ebmg16', 'qsyqnwn5', 'bfcz49t9']
11223	['oa60fwht', 'jbimjcx4', 's1r8guqm', 'gwb8l3f2', 'b006vbfi']
11245	['h2h4bnd5', '8acldtv2', '6gb1za5h', 'jgs4jszx', '7fe2vdm7']
11248	['zs78ndoa', 'ru2ty1y9', '609b8j39', '6g4oclln', 'wzfvqj6m']
11256	['ypvzanog', 'dobxp4uy', 'l63d9lyd', 'b4mjo92p', 'plzklj7c']
11264	['gdfvt4pu', 'd6zrj60t', 'v1cfaqyx', 'byrpj1g2', '9avmlz30']
11268	['wn98fql3', '1s8jzzwg', 'wdvuweiq', 'hqapg5ow', 'l8zfuhzk']
11271	['7tye4psd', 'yjibz8ie', 'qiphsrjz', '2z2etb0s', '49ejyfie']
11280	['zcwh1892', '18swtk61', 'ybcr7clp', 'fo815n5l', 'ec13mu0q']
11290	['y1vjka66', '9vej295g', '383sp7f5', 'dhdg6n05', 'lrsvg37a']
11298	['qj1v04cf', '4z8i83p4', '15q47bw5', 'dobxp4uy', 'a6gczznx']
11299	['gmp22v65', '312cg7b7', 'xpqfpizp', 'iwd8nkls', 'yx9ygiss']
11319	['hn6clwoj', '104lecie', '675v58x8', 'pa000mr8', 'uohbxoeb']
11332	['p485vc0h', 'isniqv6b', 'aceu86at', 'eapwqsrc', 'clzxo1ly']
11347	['cimmc4y8', 'zbr3kfv2', 'pvjoxgn3', 'zhg1hvsq', '3724854p']
11363	['1tlduxz2', 'ry13iyxn', 'bkf7zbg7', '2igc5wzx', 's82tyeis']
11373	['qkwmabna', 'belhjr5e', 'y420tku1', 'iu5ndsxn', 'ivy95jpw']
11384	['s7glsesb', 'hj3xxwru', 'p4ejdth1', '4ml4dfs0', '44anlvoh']
11392	['f296patc', '3ul4yoec', 'su028g3j', 'ha5voupo', 'smrtrxup']
11395	['ag18sokf', '1jtln8wc', 'rvfxcqvu', 'c84lpxrn', 'y89e2dju']
11412	['6g4oclln', 'yjibz8ie', 'ntra3jhs', 'vjpf1fk6', '2jfo2csi']
11426	['oud5ioks', 's3o9v1fl', 'spfc0fc0', 'mjb3ip7a', 'cq5z8lqu']
11430	['idhbd102', 'qdtm4s83', 'tg00bqhf', 'd6wkv2rc', 'c0c60pyi']
11431	['doi8buyw', '1a1zb9p5', '6tlzij5v', 'h6b8xuvs', 'hitaptnp']
11432	['2146o727', 'tvzn0112', '0rsbmh48', 'pq75mafr', 'bxuwx1jj']
11448	['o7qibwzj', 'w3kkizaq', 'lt1pstm2', 'tpic8ddl', 'wqicq5ry']
11461	['s19w1p2i', 'je585xia', 'wr4r7jd8', 'liziu5o7', 'hl956i02']
11463	['a0q61mpi', 'm2z6k2va', 'ohkki0ke', 'c2a07zg0', 'zue5hnal']
11473	['l3bruaeh', 't1rtrbtd', 'vccct6hq', 'fkwgq5mr', '5hirx7a1']
11483	['qbj8n8h6', '1blzi9r3', '6j45mmjh', 'xq525smx', 'bcttenl4']
11489	['y1vjka66', '7j7u4sv3', 'l4y7v729', 'us518bwp', 'vjpf1fk6']
11496	['pv7tgwcg', 't1ho5c9h', '2q87yv17', 'rrykpl0f', 'e6miaabh']
11498	['ba5h6uhu', 'extp8epx', 'yce32jmg', 'rpglw6mm', '9qo95a1c']
11503	['2f09vauy', 'yn2aylru', 'mof7tf6m', '65ois1qn', 'kutc6ts0']
11510	['9iomlhpv', '9rczqcaz', '2e02uktc', '4eak8e8l', 'p36ilfqj']
11511	['6a1fl65b', 'yt2fp8zl', 't7xaqtgo', 'hgcsfxwo', '0oxo2awm']
11530	['3wo90f5u', 'm847xdzk', 'ozbmgd70', 'yr27lnq8', 'rtczfklg']
11539	['dqfndau7', '8hz4go45', 'e1macqqm', '9oui0l6v', 'j9xlhtko']
11552	['ordof7g5', '5yscqct1', 'nr0fu2qb', '1s8jzzwg', 'hqapg5ow']
11559	['k7b8wj56', '8lnjbxe5', 'li5cw8xx', 'ypqusgs3', 'n9aqux5a']
11573	['jb3wc81d', 'u9nmqcgs', 'cplyj4dm', '6o7q57xl', 'ix48o00j']
11625	['e8fhlo37', 'rwevmwcr', '34tqy9tb', 'irgnrr0j', 'th64ca79']
11631	['p3rnfifj', '9g547s2n', '43eh69dx', 'jlr943nv', 'jk5tczo0']
11633	['cfbj6ize', 'xj1nw76b', '5c1e0770', 'l9hqalbo', 'bjycvoxw']
11636	['ndn6iwre', 'vsinwqnr', 'sz5fr79q', '64qt0w2a', '5hei9fac']
11638	['6aku7ghk', 'm46vdpv6', 'ny6zepe9', 'fvcyqzgb', 'fofw6fmx']
11642	['0o3wjvpx', 'g15tvzn4', 'aq6iypq1', 'ilnudz0g', 'ge8o93rh']
11665	['ipsjsf0y', 'dx2cx9lx', 'mf73oqp6', 'td3drkgw', 'aizquh16']
11676	['ffy19pp9', 'faj85qxc', '5sauy21h', 'c3955inl', 'es7c7szs']
11680	['sv48gjkk', 'k0f4cwig', '8j3bb6zx', 'nr440fxm', '33xgu2rw']
11681	['dya40tln', 'es8l29ub', '66g5lpm6', 'ppj6qqcx', 'fdyfg0kf']
11697	['t3t7sbmz', 'wedh0kvs', 'pggf4wyo', 'anunmmrj', 'twlupt3x']
11700	['7g7sgabs', 'uarsobci', 'fdkt6moe', '41uuzzpg', '25jq098w']
11706	['dqhdws5k', 'sygm6irl', '3m9yonqe', 'iali360u', 'trmwm9qq']
11749	['uyzalds2', '104lecie', 'mja2qlpk', '89fglwvk', '0qh8u82c']
11764	['x9sfgtim', 'ropgq7tr', 'xtmn1n0r', 'mcmqx7og', 'zue5hnal']
11793	['jdo7afuh', 'dqbvnr0y', 'elu3dztf', 'jgbwd3ib', '4mat0psy']
11798	['4cy3er3y', 'io8mozoe', 'emsf4i9c', 'ea2c1l2q', '3rjsyp8b']
11815	['l72grjbg', 'uvhzw6c9', 'mnjy6bq2', '9h4zzo5q', '4socpj73']
11817	['07cica09', 'qxxn1zf9', '5c8im9ci', 'wcq3qqt4', 's96beqsh']
11827	['xd5uhah4', 'zpqgz95r', '2scp98u0', 'li8kvzdh', 'w7wdq05u']
11829	['ptnjbhtw', '4vkkaqhz', 'y2bsx8p2', 'toixg0hy', 'p9qeaedh']
11836	['tn8houmc', '5tdmh0ac', '8xpenaxt', 'ngywgodg', '8qdcls1k']
11845	['ohkki0ke', 'xtmn1n0r', '30pl5tx3', '64ugdvfe', '0imnd2q5']
11846	['tra5ewc5', 'qi1henyy', '763v4duh', 'iu1d9i57', 'l4y7v729']
11850	['xd5uhah4', 'xr70oiv3', 'qfrenkb6', '8f2r1d14', '8acldtv2']
11868	['vmijl5yu', 'lbyvgqp2', 'blqukxw1', 'yiwq4uns', 'ouvq2wpq']
11884	['urk8aa5b', '550ik6bk', '8wqii0nd', 'u95kg3m0', 'w19e5ayb']
11899	['w2c01295', 'mnjy6bq2', 'g57r3son', '8iqs6jko', 'dxrltm25']
11913	['d19v8qca', 'zkxrjk3p', 'f5ehif2w', 'bsq640o8', '1nqbqmum']
11915	['t4y1ylb3', '8l5i1z27', 'cj3cpn5j', 'ruewzstg', 'tn8houmc']
11923	['n3xm6c0y', 'f5ehif2w', 'uliopaz0', '4mjg7jul', 'zkxrjk3p']
11925	['bzeqs5oh', 'a40yhtqk', 'zbi0llig', '0bh8i14e', 'uohbxoeb']
11940	['3u3i5myh', 'mo3y3mau', 'c2krtbvr', 'trmwm9qq', 'ruewzstg']
11961	['nkx5zdfg', 'i5sem6al', '5sauy21h', 'ilkhg3rf', 'gufhaylj']
11962	['fdn6h4gi', 'ja4oo96l', 'nji5ek3q', 'asi26od1', 'yfdcgilr']
11973	['0jvoa3ui', 'tffhk1hy', '2la3hkzv', '66obkrxp', 'b0k91b91']
11974	['3bbiyucq', '868txjrw', 'ln6t374j', 'kczhrxxd', 'rjelshrp']
11991	['ao6632cb', 'qomhaso3', 'eu1gbga9', 'bayrzit4', 'is7gm9zu']
12002	['z1wwlea2', 'so9uy899', 'b5yrfllu', 'x4zuv4jo', 'qgwu9fsk']
12007	['iatmjkzk', 'mpthhazv', 'lme6vcqs', '29ph2eai', '7qxs79qy']
12013	['eko3rry2', '6kbdxhxv', 'm1tv7mgm', 'dfl69g4f', 'h2uc7ria']
12041	['3u3i5myh', '5azti19e', 'hhg2nyoz', 'u7ligk1k', 'ot1uz6vc']
12042	['fdkt6moe', 'su028g3j', 'mpeugvt9', 'zr9zx7pv', 'nmrxjal1']
12060	['a9lw6vrs', 'y74qhqw7', '7cakttlp', 'hnx213kp', 'okbjepet']
12075	['qsyqnwn5', 'ohkki0ke', 'w2c01295', 'vvmb92wo', 'ktjhr028']
12091	['2sb905jt', 'nmrxjal1', 'lmo2t4ho', '0iqdqcp6', '9lu2stp4']
12097	['g5h4tazp', 'l70ghm8g', '3kk1l0ag', 'wbsl6n67', 'r66qkekd']
12103	['bxuwx1jj', '32v44sw9', '3343ifqd', 'nb27fn2z', '7mcfehzc']
12105	['g5h4tazp', 'g4250q6l', 'q0a6b8jy', '1rxw5xro', 'fdyfg0kf']
12107	['g5h4tazp', '3mk8dwf9', '05i5j6js', '3343ifqd', '7j7u4sv3']
12109	['qtzhfnr6', 'be4afbyo', 's19w1p2i', 'vprj63y2', 'u7ao9dwx']
12113	['8m59whf9', '5upb25gt', 'eu2vjpw9', '56zhxd6e', '0jwed8p9']
12114	['nb27fn2z', 'm40kwgcg', '2jfo2csi', 'q92unteg', 'aclzp3iy']
12131	['ocguwlam', 'u1s6ciy4', 'rtwr4a1w', '36flecmg', 'jeyo5qs9']
12137	['j05hs577', 'lxq991af', '5xzn2myj', '1a7ugd24', 'mtq19xku']
12157	['tra5ewc5', 'uyb0of5p', 'nom4z0tv', 'i1yf8fgk', 'lr5lumdr']
12164	['omrb959r', 'hjmjav50', 'ce9jq0hq', '4pcv1i3i', 'eyhtf6mv']
12180	['xtraspw2', '9pb2eqoa', 'h7ftu3ax', 'w3ls1d7w', 'ohkki0ke']
12214	['geo7ac5i', 'u4doukk7', 'f2det6w2', '5kchpjx0', 'ky5env7t']
12221	['726t123x', 'c4ihkcyr', 'ey0r1py7', '0yysikc1', 'bwmpamea']
12235	['5sfojk7y', 'n86w4vkx', '3xvphg52', 'hfbi7sk5', '1qvkl05s']
12253	['w0ebmg16', 'bmmdygbs', 'mnjy6bq2', '2rx84imv', 'xtraspw2']
12256	['4vuucmfd', '7n4t8i2n', 'gi21di4d', 'ydh4ve24', '5ojyly05']
12273	['03efdea2', 'iz5uzizo', 'a7ve0dud', '8rogsybc', '1ucs8zu1']
12276	['5nv3ec5l', 'w0ebmg16', 'wn98fql3', 'l8zfuhzk', '2f7wqamp']
12277	['9195zweg', 'n1q1wr9s', '9k6uqs2q', '8so80bf9', 'hxh085w7']
12278	['awfgfmx1', 'fpexa30s', '1peg3502', 'ppuki7qn', '1vyfy7i0']
12279	['9195zweg', 'a3i3t6od', 'fpexa30s', 'nswj8x43', 'cz0jg62z']
12286	['ueh60bz2', 'npd9wz3u', 'vaeh5z4z', 'vbayngh0', 'mtq19xku']
12287	['9195zweg', 'nswj8x43', 'fpexa30s', 'cz0jg62z', 'n1q1wr9s']
12312	['72ncfyc5', 'rwh56zhg', '8nil3u2k', 'rl5g8iqm', 'tweqo3fp']
12320	['3ehm118t', 'u7d6d8oa', '50ym7h4t', 'fow0f0nq', 'wkl3jyzn']
12334	['679ds029', '1fxb5vru', '7z6e5jhh', 'y3c478hf', 'fub50lvt']
12337	['ddwrvlc9', 'tf5a48i2', 'pmd78j61', 'xjklin0b', '9rctp6cz']
12372	['q1nye2ih', 'leg5ntvu', 'toixg0hy', 'samf1kwn', '6lsgwvsv']
12393	['emg87q94', 't5sgguxr', 'oaq5a5i3', '32ua8wb6', 'd0pawki3']
12404	['h4cu63cm', '3t7zln1o', 'c0i45oix', '8ljnxihr', 'glxt2q6f']
12406	['2uidarm3', 'u8t64wmg', 'fnok2eoj', 'tlr00tz3', 'mmh5znrq']
12423	['q1nye2ih', 'snlukr6c', 'lzwgyzdp', 'qbj8n8h6', 'q3h8afld']
12427	['lirsu408', 'pqjumz2o', '78wu4kgv', '8ti6r0eh', '4rzttwyp']
12447	['f3eogz0n', '2cwvga0k', '70inem5k', 'fa05sovj', '6zjzy0ft']
12461	['98t617oo', '8j3bb6zx', 'yq6jhupe', 'hq75gfd2', 'akdg2ljo']
12501	['v4ubd1l6', '2aslzgdk', '4hmecfi0', 'i9wjpbe7', 'duqgd4gs']
12513	['si5mxgrk', 'mom4y7cl', '53t1mhnb', '4hmecfi0', 'duqgd4gs']
12517	['9avmlz30', 'h1sura49', 'lt7qsxxh', '96lxmeqx', 'du8wmh6n']
12530	['dsz66r4u', 'ifgz75ch', 'q6dxytcj', '6h83xzqe', '32e1uxhl']
12551	['mb18fj8a', '66g5lpm6', 'es8l29ub', '82afil03', 'akcqliaq']
12572	['3u3i5myh', 'ruewzstg', '6zjzy0ft', 'a4klrp3h', 'ypqusgs3']
12579	['0g4naq14', '9lwtmn6c', '1n0qw2a5', 'obhm5mc5', 'd0tg9i90']
12582	['i03mrw1i', 'eo8rbcy2', 'xuiswu2l', 'vu8ao4pt', 'k36rymkv']
12596	['be8eu3qi', 'mayhg4jq', 'wjdif3r3', 'n5kgdoln', '0cuz6iho']
12603	['vjpf1fk6', 'u1ilcmm2', 'f2gsqyv9', '8v9chk6j', '35meen0h']
12622	['vl7eqzu4', '45r6aieu', 'hi4a02kw', 'mja2qlpk', 'o3bp0837']
12637	['xf7k56sp', 'l0l2ev29', 'qwgufqcs', '8wqii0nd', '24ie3mhq']
12643	['bw6a5gmy', '24u6q3ae', 'cgc0v1dg', 'gjustwrb', 'dr067qlf']
12648	['pi1yzeqg', '51c22b8w', 'y7lrp0gc', 'lgnhlxgd', 'reigmh19']
12662	['nb5ayz0h', '0vmxjil6', 'p7rpfsph', 'ezrarusj', 'yjibz8ie']
12669	['8dgahmka', 'ua7hsfma', 'wnpmwne1', 'b9jcuwu5', '2f9vpqej']
12689	['hqod7v2l', 'y98m15aq', '93b2ivio', '3xup6glg', 'vjpf1fk6']
12697	['mw0wb8a8', 'xcsl2evz', 'dnxhtbxn', 'rqqyym05', '69fmtury']
12709	['w0j0n8mn', 'ntra3jhs', 'mlo8zypy', 'qalficgu', '9n7bkayx']
12713	['6ki9km50', '2l5gc4x2', 'o21ncldx', 'ii2fmi39', 'i55203bt']
12715	['lwhy2spw', 'q1ay1u90', 'xi2whtvr', 'w9qei8zj', 'jk5tczo0']
12730	['eje3i558', 'goaokk04', 'wfc2psyz', 'qowp861l', 'tdjkkeh2']
12731	['38d6gb7o', 'eje3i558', 'y26bsn0n', 'uuy94dwa', 'm2bmp8s8']
12737	['3oetrhdh', 'o9xdv4x0', 'sjkni2uc', '5nue46dm', 'cnov06pg']
12738	['1xvj7xq7', 'g3hujz5o', 'wk3fh9ke', 'iu6epm2i', '4unn3fmu']
12743	['3oetrhdh', 'l6kcpnbj', 'h4otzeah', 'nksd3wuw', 'r9di7ndv']
12754	['k36t200n', '8fbsaocw', '2bpyvgv7', 'f96qs295', 'w1bx4a7v']
12761	['q4aqkr0w', 'mnjy6bq2', 'itxde5mw', '8iqs6jko', 'w2c01295']
12766	['iwdklgyp', 'zbusl6pc', 'thvhvf4t', 's6lzr81h', 'qd30tmuy']
12799	['ohfi48d6', 'ozmgm5bx', 'o7ww2prj', '3dconbli', 'p7cbnrji']
12801	['1m2mp7o7', 'z0hy52cu', 'ratbgibg', '08d9t9ex', '5fg1keua']
12805	['ox59xb6z', 'b5eve7re', '05vmhjjp', 'z6sjfdb9', '82hqy612']
12809	['rb20ge7e', '5jlohhmv', 'ljlsvc9h', '2j11uxmx', '7xnga86x']
12822	['vk6rms29', 'tn8houmc', '73b58lcm', '8l5i1z27', 'ybcr7clp']
12829	['r6pn17no', 'eahv0nxf', 'trpbkat0', 'k6ensjlf', 'me8y1ida']
12831	['s9lkvzpo', '9ud32cvb', 'ybxuykpz', '49q2xxkw', 'u5nxm9tu']
12834	['75rhjcz5', 'uxxrljse', 'w50gorzr', '01bjz2qq', 'd9rd5392']
12838	['x220pjeg', 'd8vo0ncl', 'cnz7jlw4', 'mz1bof2x', '9mmdtgc2']
12842	['ufcheghf', '8hlhp8i7', 'lricvxim', '2cq5vpyd', '80t2ovkk']
12886	['tm9jb7bq', 'ztc4wvlw', 'uevtmkjh', 'ef4wyw2f', 'ai5dfdfk']
12907	['763v4duh', 'iu1d9i57', 'jjh1z5c6', 'tra5ewc5', 'f4jx3b2q']
12910	['db8fl9d2', 'wzqdo1st', 'f96qs295', 'l4y7v729', 'qdw86v8i']
12916	['cgxs9uam', 'unx1pv2k', '1igydu3y', 'shxxhqx3', 'e8mk04uf']
12920	['cgxs9uam', 'bf654xie', 'usfvulc2', 'xl0zb9zj', '2ddaulby']
12926	['630w2rtn', 'xhkjbeam', '7xt894vr', '64qt0w2a', 'emg87q94']
12950	['7xnh53x0', 'cmeiqnng', 't019zx7q', 'h1wycwxc', '28wn23nl']
12954	['9195zweg', 'n1q1wr9s', '9k6uqs2q', '8so80bf9', 'hxh085w7']
12963	['wrnooffp', 'g1w6w5tm', 'uarsobci', '6lz0kjen', 'zr9zx7pv']
12967	['01c1hxav', 'k4k3kcrh', 'qgxaekae', 'lk2snptj', 'le6d2l5i']
12972	['i9nchww2', 'tweqie5k', 'r0taoqsw', 'dfhxcqr8', 'p3clfah1']
12973	['f3eogz0n', '2cwvga0k', 'snlukr6c', 'liip39ku', 'dkderykk']
12984	['opjfy3xr', '1s8jzzwg', 'f96qs295', 'pppb83nc', 'u8mu4yga']
12989	['vrate482', 'tjplc5j6', '3xw4qjoy', 'pm3ck1gk', 'kq58gxgl']
12990	['vrate482', '3ss714ha', 'gp3ib74q', '0clp6zt6', '1npav6m4']
13002	['4jyltfus', '37hn7u3f', 'gtol0evh', 'ut4d68ti', 'brt7cr1z']
13028	['3u3i5myh', 'cieh5gyp', 'emvkiex9', 'sljh3o2k', 'akgsbxol']
13045	['d4eae8g3', 'z795y51f', '0qu9kwm1', 'sv48gjkk', 'fx2ikn2t']
13046	['j7hih6o9', '7tto4hr7', 'jowowl0v', 'm6poosn3', 'mpkli2xf']
13049	['8fnis63j', 'xjrhd6ee', 'slzh6uay', 'jvqlmqsy', 'sruhwd8j']
13050	['84z7jgcl', 'ccat4lyb', '1u532bz9', 'j4bfn87k', '1aqf98e0']
13052	['q55l1chd', '5yscqct1', 'h7ftu3ax', 'h2sza0if', 'av3sm2kb']
13053	['r58aohnu', 'vjtwipu9', 'k8wb51i7', 'ysrte29b', '6cf23zfk']
13063	['llcit7x2', 'vdgu6h0a', 'zq9ehv7a', 't59eq1wh', 'jw6kh8os']
13078	['jvqlmqsy', 'g4pd6g4j', 'd4p5r746', 'a9lw6vrs', 'f2jzz41d']
13147	['zpxnr9s9', 'oah1to9w', 'xmqdk2wz', 'xo7q4dqr', 'd2pzezq8']
13153	['jk5tczo0', 'jn1w8h2p', '6hehg1yf', 'jb3wc81d', 'lsiy3quw']
13158	['1u532bz9', 'ge8o93rh', 'o34l05d0', 'ghhxxkkv', '0jwed8p9']
13167	['rog2h4g7', '8tipkksu', 'rjelshrp', 'xxy10tcl', '6tlzij5v']
13170	['y6zisciu', 'pp6ktvv1', '7zshbsww', 'xshqu7qm', 'pi1yzeqg']
13171	['3f0pgo4z', '9ei6ubx6', '6d5tp5hy', 'hw2s28hs', '5xzn2myj']
13189	['bzo4x7bh', '9jqafpkp', 'jw42gokv', 'zuaji5pq', 'pg0l92zb']
13194	['omrb959r', 'hjmjav50', 's3eo0ze4', 'o47v5vgw', 'o877uul1']
13204	['zc10b6j5', 'jgq968f6', '4zelg0m1', '56rn6d6o', 'vvmb92wo']
13209	['hsm75cww', 'prqrsb3c', '5xk20hs5', 'trrg1mnw', 'pwb7rw89']
13210	['sh9w4ipq', '2bfxfl0v', '7qrdvap1', 'xezpzl91', 'cuw2sx2e']
13216	['qeqd4soe', 'fq5nayxt', '1ef8ac5c', '7th3d6wk', 'belhjr5e']
13234	['3km6yfr6', 'vzdu9jwn', 'zqg1r6c8', 'nr440fxm', 'yg2voc65']
13239	['6g4oclln', 't0l6mlm5', 's1jrb2tn', 'oh5wm5qc', 'vjpf1fk6']
13250	['rpjg4a9i', 'k2zrdjyo', 'd5sxycaw', 'z1y1zgo8', 'pq75mafr']
13254	['ncbjncfx', 'yidait6a', 'dkderykk', 'ppe8br4z', 'bgiyvqgw']
13257	['4cy3er3y', 'c3xbw539', '868txjrw', 'cvxni7cd', 'yguqwc1l']
13269	['f96qs295', '9hpkmjvu', 'sxi0tpsf', 'wn98fql3', 'w0ebmg16']
13278	['63b7yidq', 'zjujs11q', 'kgggepu0', 'mi6bdisx', '8x3lqokw']
13280	['6t92yhti', 'h4kc04w0', 'ot04th3v', 'auy3c2e0', 'jw713e2n']
13281	['63b7yidq', 'ofgv3p8y', 'k457kqlo', '6sk97gc4', 'z6sjfdb9']
13310	['8hkxbxz9', '7qpwux9w', 'jb3wc81d', '7xt894vr', 'l4y7v729']
13327	['d2pzezq8', '8g70j0qw', 'cxqzo58q', 'sq01hlaa', 'yo2lpdi4']
13330	['ysf5k0ky', '9miesbf1', 'bxuwx1jj', 'mfpgbqc8', '1u532bz9']
13332	['m1glq4ac', 'fxwszm22', 'vmmwtdia', 'geo7ac5i', 'kde51mn0']
13342	['wa4gt5sy', 'ksvw62gl', 'mpeugvt9', '6gj02k04', 'ddwrvlc9']
13346	['cg6v3yma', 'hf79cbuq', '4vjpu9t1', '46y1pa7o', 'dlwwcryb']
13352	['3u3i5myh', '78d7vub4', 'a4klrp3h', 'u30uz8sk', 'qdmkx03t']
13366	['tbio295u', 'dp274ls4', '43joavrl', 'yiopw7v4', 'j81mq3nr']
13367	['q1nye2ih', 'lzwgyzdp', 'snlukr6c', 'jfvq2gfx', '6j45mmjh']
13373	['1iclw0nt', 'st3fyb64', 'sgezc9kx', 'pr97f4yf', 'w7smahni']
13377	['u30uz8sk', 'h3tor88n', 'mup5hr7e', '7aaiyppx', 'z79gel8h']
13402	['tra5ewc5', 'h7ftu3ax', 'l4y7v729', 'i1yf8fgk', 'qi1henyy']
13405	['qn6wawxk', 'dsz66r4u', 'gatxuwz7', 'm80rklg5', 'z92xqedn']
13412	['msb6wgnv', 'brt4zrhe', '9s98t4h7', '4jjuwc9r', 'eq5qqshb']
13421	['yoiq6cgt', 'o86wki37', '9452kqc0', 'a3efmczu', 'df65w0lx']
13445	['gw9hkw00', 'fnguelau', '53t1mhnb', 'q7vv128t', '7xnga86x']
13446	['xj1nw76b', 'cfbj6ize', '5c1e0770', 'dcli6uaq', 'z218oii3']
13451	['g5uu01aa', 'pyz2tnhk', 'gsplo37j', 'q4gattkk', 'iyw43izp']
13462	['00xnsdt9', 'nz976qc6', 'sywxrxmf', 'nvbt5gxl', 'e0pz0z4j']
13480	['92z77upt', 'noale9n1', 'w1bx4a7v', '3nxmw97e', 'wn98fql3']
13485	['2my9o9fy', 'pksg0exj', 'suw0h7s3', 'prqrsb3c', 'vxmamhkx']
13500	['7f5nywod', '3qtxnbb2', 'fnedip6k', '039k70vs', 'pi9ndj9p']
13503	['gg5c8v7d', 'y0mbzzx0', 'ocfqb3a2', '4kfbs7j4', 'md0drb25']
13513	['998a0aoc', 't1rtrbtd', 'a8u31pkr', 'rztwiflt', 'c0c60pyi']
13529	['mru0mcup', 'whkfvd7l', 'dfhxcqr8', 'ndcg3o7a', 's3o9v1fl']
13542	['ikz8ui8y', 's23d5pns', 'rc5d6wi3', '81rxs247', 'hhen3xjx']
13555	['828eqxla', 'pggf4wyo', 'wqicq5ry', 'yosjlefy', 'liip39ku']
13560	['rn8eezep', '7dyhyruo', 'kk7rlevl', 'uj0k84vk', '7xnh53x0']
13561	['k1n00gir', 'jk5tczo0', 'rg5sd5ya', 'p9qeaedh', '2bfxfl0v']
13577	['90323yzn', '39tvv57g', 'zkdk2v5e', 'g4ve91g5', 'fe72aj3a']
13603	['doi8buyw', 'f14n0hk6', 'hjmjav50', 's245n3qw', 'au78rob2']
13617	['o6rgoe9t', 'ztc4wvlw', 'j3letcou', 'c5zi5rzz', 'j46bet38']
13618	['w7gr98j9', '62xdiz68', '5sauy21h', '4j8efxsw', 'lghvztz8']
13622	['delciztu', 'of16ewcj', 'jw6kh8os', 'ach2lhhe', 'l73htuz1']
13628	['mzon01fd', 'sts48u9i', 'r5eve0bl', 'y5a9xtr5', 'b2w95zcb']
13647	['w0ebmg16', 'itxde5mw', 'q4aqkr0w', 'ys7azmv7', 'l8zfuhzk']
13648	['nbdk83ok', 'foopvh5z', 'cj7ygzfy', 'park7t3g', 'dudc5eh8']
13649	['7ouo6beb', '2firaix6', '401l7jbn', 'gsgbhqwl', 'f6j1yhvp']
13653	['w0ebmg16', 'mnjy6bq2', 'q4aqkr0w', '5b9jytph', 'wn98fql3']
13669	['lkb09vs8', '52cub1om', 't2gxkxxd', 'ruegzkoo', '1l3b0hqj']
13670	['t5wzsjxc', '9ds4ot1q', 'e1mnj7bf', 'pindjvhk', 'b88nilfd']
13676	['2hkdhwaw', 's1dert6n', '8t4rnfyu', 'w04z2f0q', '8l5i1z27']
13679	['n3xm6c0y', 'zkxrjk3p', 'dzlqe7n5', '4mjg7jul', 'f5ehif2w']
13682	['wcmxmahq', '0vy5yifk', 'e6miaabh', '6g4oclln', 'aqke0012']
13707	['78d7vub4', '3u3i5myh', '5t5l5rrx', 'u30uz8sk', 'bgr4h7kn']
13728	['wbk363w1', 'vbayngh0', 'hnwtz96p', 'jlkpeh4j', '3t7zln1o']
13751	['726t123x', '1xycng32', 'b9nqcbf7', 'vc6j8ao2', 'vrs88dcy']
13816	['mb18fj8a', 'styavbvi', 'etfweo49', 'lcqxnrge', 'ngb7pbyl']
13823	['1a5oy6fr', 'ag5coipu', 'obhm5mc5', 'z3zr2meq', 'loq68wfv']
13824	['x14iywtr', 't3vuwghp', '96lxmeqx', '0e97tdez', 'lnzt3h1p']
13826	['2my9o9fy', 'mzn4jztt', 'j9xlhtko', 'rhgl6vss', 'br20k96q']
13844	['tra5ewc5', '763v4duh', 'lr20prun', 'f4jx3b2q', 'pu12u627']
13884	['c18arb6s', '53t1mhnb', '7xnga86x', 'y2739974', 'fnguelau']
13887	['7xt894vr', '0jm3j3vc', '6hnts5l2', 'y047cuxp', '6fmc5mbs']
13899	['x60fkihk', 'jlr943nv', 'shxxhqx3', 'jn68rbvb', 'p3rnfifj']
13909	['1adofojj', 'cd7cfpx3', '6qwj922f', '3a7utmsd', 'xzps65et']
13913	['i88ccp9w', 'bc8xa92n', 'axa9cqk6', '52htv15k', 'ckx305ue']
13925	['ls4qfvwq', 'k7vjqzx1', 'f5twvg9g', 'qeubhfbc', '6nt6msrm']
13937	['ai5dfdfk', 's599iazh', '3aa6kd3j', 'dkderykk', '4cy3er3y']
13992	['r58aohnu', 'dq3qunwe', 'mfziqu80', 'w0ebmg16', 'd06npvro']
14002	['tra5ewc5', 'h7ftu3ax', '0clp6zt6', 'qi1henyy', 'i1yf8fgk']
14034	['hfk8nikl', 'tqpm3qj5', 'pa000mr8', 'zna49ifn', 'g0za5fqi']
14040	['jbom8iq6', '01bjz2qq', 's245n3qw', '8xdz41w9', 'so9uy899']
14044	['1ad18z11', 'z3o3ib2f', 'j2t0ofgt', 'onjgfr4j', '3swdnn29']
14053	['7vsv726x', 'qsv2d6yc', 'rog0fp93', 'fep6qm4d', 'emsf4i9c']
14070	['4hmecfi0', 'w1azm2mc', 'mevnb9v0', 'entkqcn3', 'v4y49n7i']
14072	['g5h4tazp', 'e85xdrcw', 'kiq6xb6k', 'mvm1t0y7', '7as9f1n6']
14076	['v4ubd1l6', 'mom4y7cl', 'w25jpub7', '7b7on38r', 'hm332jqo']
14077	['xbobfec8', 'tah4bpj1', '5wg2clq7', 'di7hfghi', 'nrc35akc']
14084	['met50keb', 'u3ihnglr', 'f14n0hk6', 'xmjj1s5s', '5r0ubg5g']
14111	['j1kzjre0', '3bicoye0', 'eo89w6qp', '5zerlx1r', 'ppuki7qn']
14122	['rz9upijf', '0oq0xmzr', 'u7tqolyi', 'wgbyqfrx', 'm0598zrc']
14125	['1b5hb0g9', 'i0swl50w', 'tstx42h7', 'wqri0z4p', 'ykxr9q1j']
14130	['bbs7zocu', '32ua8wb6', 'c9sidpy9', 'jw713e2n', 'dsfbmhbj']
14132	['fdkwklzj', 'dyxfsojh', 'q7vv128t', '8l5i1z27', 'znswomwk']
14134	['coh92gm3', 'd8vo0ncl', 'ccj1dt86', 'hfk8nikl', '53zopedx']
14139	['rhnr430g', 'u2kjft6q', '8p0xdqba', '98ejxivc', 'rckwiqgb']
14143	['5bu0eafr', '9195zweg', 'a3i3t6od', 'nbdk83ok', 'mpeugvt9']
14152	['vf7xj5qt', 'okh5z7m1', 'f6rx4h3r', '859q36i1', 'i4bb531h']
14153	['9195zweg', 'n1q1wr9s', 'nswj8x43', 'd6mt6nze', 'cz0jg62z']
14193	['0gn3b98n', '0e97tdez', 'soa71kwx', '4dpe5q54', '8mx0p1sh']
14196	['0yysikc1', 's1gdbsfx', 'yhmcx7ae', 'zjbyz1vy', 'b97acsgn']
14203	['qn6wawxk', 'dsz66r4u', '059oj76m', 'b3ui95vx', 'wrsk5vh9']
14233	['unl3n0tn', 't3vuwghp', '25aj8rj5', '7368psat', 'wuojo19n']
14236	['nih4l4ok', 'i9nchww2', 'p82l6d9a', 'dfhxcqr8', 'rm6av6sj']
